client_id,age,governorate,monthly_income,risk_tolerance,satisfaction_score,digital_engagement_score,preferred_channel
R_00001,38,Tunis,1219.76,0.465,0.944,0.287,mobile
R_00002,30,Tunis,962.05,0.341,0.866,0.761,mobile
R_00003,59,Tunis,815.85,0.369,0.637,0.236,mobile
R_00004,38,Ariana,1434.47,0.385,0.663,0.275,mobile
R_00005,39,Tunis,2730.9,0.52,0.537,0.799,mobile
R_00006,48,Bizerte,403.35,0.068,0.564,0.587,branch
R_00007,35,Tunis,1320.6,0.431,0.668,0.388,mobile
R_00008,30,Mahdia,1373.05,0.924,0.18,0.981,whatsapp
R_00009,52,Monastir,400.0,0.717,0.785,0.542,mobile
R_00010,51,Ariana,2313.01,0.702,0.721,0.329,branch
R_00011,29,Sfax,1085.2,0.314,0.698,0.351,mobile
R_00012,35,Nabeul,815.84,0.559,0.345,0.698,branch
R_00013,52,Ben Arous,597.73,0.873,0.84,0.465,whatsapp
R_00014,47,Manouba,742.91,0.773,0.599,0.421,mobile
R_00015,35,Sfax,908.12,0.654,0.393,0.172,branch
R_00016,29,Tunis,1442.31,0.674,0.638,0.572,web
R_00017,33,Tunis,2428.94,0.751,0.652,0.494,mobile
R_00018,54,Sfax,760.73,0.901,0.48,0.658,mobile
R_00019,59,Ariana,1045.94,0.548,0.788,0.391,mobile
R_00020,42,Gafsa,995.37,0.557,0.392,0.102,branch
R_00021,39,Manouba,2125.78,0.516,0.319,0.254,web
R_00022,43,Tunis,2741.52,0.563,0.477,0.479,mobile
R_00023,32,Bizerte,819.88,0.128,0.298,0.709,branch
R_00024,57,Ben Arous,416.18,0.36,0.759,0.622,mobile
R_00025,43,Mahdia,714.11,0.851,0.44,0.444,mobile
R_00026,38,Tunis,1630.92,0.828,0.389,0.473,web
R_00027,32,Sousse,886.56,0.569,0.706,0.578,mobile
R_00028,42,Tunis,1898.26,0.543,0.574,0.61,mobile
R_00029,34,Gafsa,400.0,0.591,0.831,0.574,mobile
R_00030,50,Tunis,2093.99,0.728,0.66,0.1,web
R_00031,34,Ariana,781.03,0.329,0.513,0.601,mobile
R_00032,59,Kairouan,823.26,0.574,0.592,0.1,mobile
R_00033,39,Mahdia,1038.24,0.444,0.797,0.114,mobile
R_00034,41,Manouba,740.76,0.243,0.976,0.156,web
R_00035,18,Ben Arous,750.25,0.381,0.641,0.948,whatsapp
R_00036,55,Mahdia,653.63,0.276,0.339,0.11,mobile
R_00037,28,Sfax,1441.19,0.312,0.978,0.489,whatsapp
R_00038,19,Tunis,1132.9,0.192,0.858,0.584,web
R_00039,22,Gafsa,1763.73,0.401,0.642,0.857,mobile
R_00040,43,Ben Arous,553.47,0.49,0.619,0.52,branch
R_00041,52,Nabeul,1193.47,0.295,0.814,0.1,mobile
R_00042,25,Tunis,1567.11,0.484,0.738,0.681,mobile
R_00043,55,Gafsa,489.45,0.541,0.268,0.1,mobile
R_00044,37,Gafsa,861.31,0.326,0.891,0.127,mobile
R_00045,30,Mahdia,771.5,0.929,0.511,0.766,whatsapp
R_00046,46,Manouba,1382.11,0.166,0.692,0.195,web
R_00047,22,Sfax,400.0,0.531,0.587,0.545,branch
R_00048,47,Tunis,762.51,0.464,0.711,0.395,mobile
R_00049,48,Sfax,457.88,0.763,0.885,0.39,whatsapp
R_00050,50,Tunis,477.66,0.435,0.736,0.221,branch
R_00051,24,Ben Arous,1043.25,0.442,0.614,0.72,branch
R_00052,28,Tunis,1390.15,0.553,0.781,0.646,mobile
R_00053,50,Sousse,1229.17,0.811,0.502,0.371,web
R_00054,44,Ariana,937.3,0.54,0.378,0.293,mobile
R_00055,31,Tunis,866.42,0.319,0.873,0.59,branch
R_00056,27,Tunis,1057.62,0.866,0.612,0.613,branch
R_00057,18,Tunis,1503.9,0.231,0.918,0.92,web
R_00058,64,Sousse,468.99,0.558,0.655,0.1,branch
R_00059,48,Ben Arous,1456.05,0.35,0.556,0.358,mobile
R_00060,36,Tunis,1097.28,0.811,0.476,0.263,whatsapp
R_00061,18,Tunis,1100.38,0.693,0.645,0.867,mobile
R_00062,27,Tunis,1533.34,0.292,0.654,1.0,web
R_00063,37,Manouba,707.32,0.678,0.259,0.927,whatsapp
R_00064,34,Tunis,1399.4,0.163,0.332,0.51,whatsapp
R_00065,30,Gafsa,407.0,0.234,0.542,0.627,mobile
R_00066,38,Tunis,1076.27,0.817,0.411,0.321,whatsapp
R_00067,50,Gafsa,400.0,0.39,0.675,0.209,whatsapp
R_00068,54,Ariana,1766.05,0.639,0.456,0.109,mobile
R_00069,42,Tunis,1647.35,0.652,0.398,0.509,mobile
R_00070,32,Ariana,400.0,0.452,0.465,0.448,branch
R_00071,60,Tunis,751.75,0.872,0.782,0.1,branch
R_00072,31,Ben Arous,615.9,0.754,0.515,0.958,branch
R_00073,38,Sfax,1531.43,0.328,0.174,0.539,branch
R_00074,30,Tunis,2258.39,0.385,0.591,0.394,web
R_00075,48,Nabeul,1143.77,0.503,0.644,0.1,mobile
R_00076,35,Kairouan,1049.11,0.774,0.779,0.853,branch
R_00077,36,Ben Arous,892.23,0.165,0.821,0.164,mobile
R_00078,36,Tunis,2028.93,0.476,0.741,0.331,branch
R_00079,53,Sfax,1674.98,0.444,0.825,0.21,mobile
R_00080,56,Sfax,781.56,0.465,0.303,0.335,web
R_00081,43,Nabeul,997.15,0.099,0.505,0.548,mobile
R_00082,41,Sfax,579.44,0.178,0.903,0.58,web
R_00083,18,Tunis,1901.81,0.384,0.775,0.685,branch
R_00084,37,Tunis,1107.24,0.472,0.806,0.441,branch
R_00085,24,Sousse,494.24,0.505,0.858,0.848,whatsapp
R_00086,45,Sousse,626.56,0.645,0.465,0.1,branch
R_00087,35,Tunis,1559.54,0.482,0.954,0.536,whatsapp
R_00088,22,Sfax,744.65,0.953,0.572,0.843,branch
R_00089,33,Tunis,1427.24,0.557,0.426,0.445,branch
R_00090,44,Manouba,729.34,0.585,0.901,0.683,mobile
R_00091,33,Sousse,896.75,0.108,0.758,0.531,whatsapp
R_00092,44,Tunis,1050.56,0.463,0.208,0.166,mobile
R_00093,44,Mahdia,1903.95,0.097,0.964,0.444,whatsapp
R_00094,34,Gafsa,852.54,0.431,0.58,0.456,branch
R_00095,32,Tunis,1721.97,0.511,0.636,0.672,branch
R_00096,57,Kairouan,992.04,0.552,0.856,0.409,mobile
R_00097,36,Kairouan,829.75,0.205,0.809,0.44,web
R_00098,47,Gafsa,635.54,0.736,0.293,0.1,mobile
R_00099,45,Tunis,820.45,0.661,0.618,0.587,mobile
R_00100,58,Ariana,848.83,0.458,0.777,0.1,whatsapp
R_00101,24,Ben Arous,1372.9,0.191,0.393,0.507,branch
R_00102,59,Kairouan,1167.33,0.523,0.505,0.132,branch
R_00103,55,Tunis,1701.01,0.484,0.953,0.354,mobile
R_00104,57,Gafsa,762.84,0.707,0.249,0.1,web
R_00105,51,Tunis,912.24,0.423,0.664,0.125,mobile
R_00106,41,Bizerte,730.28,0.509,0.669,0.371,whatsapp
R_00107,40,Sfax,1154.45,0.727,0.543,0.1,mobile
R_00108,44,Mahdia,531.3,0.938,0.145,0.666,whatsapp
R_00109,19,Manouba,2003.83,0.545,0.777,0.952,branch
R_00110,34,Sousse,733.83,0.118,0.309,0.246,branch
R_00111,28,Tunis,1116.92,0.604,0.801,0.75,whatsapp
R_00112,32,Tunis,657.4,0.632,0.439,0.377,mobile
R_00113,39,Sfax,1198.42,0.502,0.163,0.726,branch
R_00114,48,Sfax,748.14,0.335,0.773,0.651,mobile
R_00115,25,Sfax,484.65,0.504,0.774,0.716,whatsapp
R_00116,38,Sfax,471.39,0.935,0.458,0.255,branch
R_00117,52,Nabeul,751.95,0.73,0.853,0.351,branch
R_00118,32,Tunis,1219.17,0.885,0.83,0.408,branch
R_00119,54,Mahdia,733.59,0.638,0.639,0.726,branch
R_00120,35,Tunis,1097.26,0.526,0.715,0.591,mobile
R_00121,51,Sfax,1384.3,0.9,0.547,0.379,branch
R_00122,38,Gafsa,482.72,0.822,0.792,0.513,mobile
R_00123,59,Monastir,1953.63,0.417,0.466,0.168,mobile
R_00124,49,Sousse,1004.03,0.08,0.182,0.406,mobile
R_00125,45,Sousse,654.36,0.596,0.569,0.104,branch
R_00126,45,Sfax,818.05,0.463,0.249,0.461,branch
R_00127,33,Tunis,1038.9,0.185,0.681,0.275,whatsapp
R_00128,36,Ariana,1261.44,0.791,0.899,0.719,branch
R_00129,36,Monastir,400.0,0.261,0.857,0.337,web
R_00130,26,Monastir,552.04,0.695,0.75,0.237,branch
R_00131,45,Ben Arous,1337.57,0.844,0.683,0.399,branch
R_00132,43,Monastir,1237.65,0.739,0.531,0.267,mobile
R_00133,46,Gafsa,531.45,0.158,0.171,0.214,mobile
R_00134,31,Ben Arous,1436.49,0.707,0.688,0.795,mobile
R_00135,19,Tunis,754.62,0.318,0.223,0.44,mobile
R_00136,29,Tunis,2474.99,0.304,0.839,0.69,branch
R_00137,30,Kairouan,1301.94,0.491,0.688,0.535,mobile
R_00138,55,Tunis,2061.5,0.818,0.355,0.475,whatsapp
R_00139,44,Sousse,1295.66,0.513,0.696,0.36,mobile
R_00140,30,Tunis,1429.02,0.404,0.203,0.859,mobile
R_00141,34,Monastir,706.57,0.07,0.478,0.418,branch
R_00142,45,Ben Arous,1678.01,0.54,0.477,0.226,branch
R_00143,53,Nabeul,842.51,0.321,0.644,0.332,mobile
R_00144,53,Tunis,4224.09,0.469,0.56,0.1,branch
R_00145,44,Sousse,1394.1,0.545,0.806,0.244,branch
R_00146,36,Tunis,924.6,0.548,0.481,0.788,mobile
R_00147,37,Nabeul,812.29,0.511,0.68,0.1,branch
R_00148,56,Ariana,641.21,0.61,0.885,0.494,web
R_00149,46,Bizerte,1750.8,0.427,0.403,0.135,branch
R_00150,43,Tunis,1325.47,0.51,0.555,0.679,web
R_00151,38,Ariana,722.09,0.434,0.868,0.448,branch
R_00152,31,Sousse,467.52,0.327,0.586,0.969,branch
R_00153,27,Sfax,752.82,0.749,0.633,0.629,mobile
R_00154,35,Tunis,854.47,0.423,0.503,0.315,mobile
R_00155,41,Bizerte,400.0,0.794,0.621,0.285,whatsapp
R_00156,26,Tunis,2235.72,0.078,0.794,0.884,branch
R_00157,30,Ariana,1004.4,0.638,0.658,0.779,branch
R_00158,32,Nabeul,480.28,0.458,0.255,0.532,branch
R_00159,44,Tunis,1148.39,0.207,0.853,0.446,branch
R_00160,31,Sfax,683.93,0.375,0.834,0.221,mobile
R_00161,46,Tunis,1837.37,0.711,0.765,0.468,branch
R_00162,55,Nabeul,1940.5,0.628,0.561,0.346,whatsapp
R_00163,32,Sfax,636.54,0.712,0.707,1.0,whatsapp
R_00164,61,Tunis,827.96,0.509,0.322,0.503,branch
R_00165,46,Sousse,505.91,0.966,0.826,0.1,branch
R_00166,25,Gafsa,804.24,0.632,0.584,1.0,branch
R_00167,25,Ariana,1690.97,0.628,0.766,0.371,branch
R_00168,47,Sfax,1221.47,0.915,0.623,0.602,mobile
R_00169,44,Manouba,662.29,0.65,0.596,0.39,branch
R_00170,61,Ariana,1162.11,0.637,0.757,0.335,mobile
R_00171,55,Ben Arous,400.0,0.536,0.404,0.1,branch
R_00172,31,Tunis,2102.79,0.46,0.765,0.541,branch
R_00173,54,Tunis,686.59,0.299,0.56,0.221,mobile
R_00174,57,Kairouan,971.61,0.59,0.918,0.167,web
R_00175,36,Sfax,532.69,0.595,0.684,0.368,branch
R_00176,41,Tunis,2918.67,0.26,0.545,0.65,branch
R_00177,18,Tunis,648.79,0.883,0.497,0.669,web
R_00178,56,Tunis,1964.62,0.597,0.796,0.1,branch
R_00179,44,Tunis,744.17,0.827,0.849,0.245,branch
R_00180,51,Tunis,3819.39,0.866,0.754,0.14,whatsapp
R_00181,42,Sfax,801.63,0.559,0.441,0.578,whatsapp
R_00182,48,Ariana,470.07,0.207,0.925,0.1,mobile
R_00183,32,Sousse,947.47,0.409,0.596,0.464,branch
R_00184,44,Sousse,1389.22,0.895,0.246,0.317,web
R_00185,46,Tunis,1191.6,0.435,0.778,0.599,mobile
R_00186,57,Sfax,646.69,0.251,0.783,0.335,web
R_00187,23,Kairouan,400.0,0.475,0.399,0.756,branch
R_00188,36,Gafsa,625.44,0.632,0.472,0.577,web
R_00189,51,Sfax,846.38,0.545,0.497,0.186,mobile
R_00190,57,Tunis,889.24,0.479,0.589,0.442,mobile
R_00191,34,Ariana,2783.96,0.355,0.958,0.63,mobile
R_00192,35,Tunis,1885.67,0.355,0.794,0.69,branch
R_00193,44,Ben Arous,613.69,0.416,0.343,0.446,mobile
R_00194,43,Ariana,1707.49,0.388,0.316,0.193,branch
R_00195,65,Sousse,652.1,0.351,0.488,0.1,mobile
R_00196,38,Sfax,687.66,0.103,0.282,0.641,branch
R_00197,38,Tunis,911.12,0.088,0.808,0.467,branch
R_00198,18,Mahdia,922.81,0.367,0.542,0.751,branch
R_00199,64,Monastir,474.47,0.573,0.577,0.251,branch
R_00200,45,Manouba,931.76,0.434,0.413,0.1,mobile
R_00201,18,Kairouan,619.78,0.387,0.489,0.671,mobile
R_00202,29,Tunis,3167.68,0.694,0.437,0.816,whatsapp
R_00203,46,Bizerte,1052.9,0.913,0.373,0.194,whatsapp
R_00204,27,Nabeul,697.33,0.367,0.659,0.949,branch
R_00205,46,Tunis,662.22,0.289,0.359,0.281,web
R_00206,36,Sousse,957.34,0.78,0.723,0.598,branch
R_00207,33,Tunis,400.0,0.429,0.891,0.236,branch
R_00208,43,Sousse,651.92,0.989,0.645,0.39,mobile
R_00209,43,Sfax,656.22,0.446,0.644,0.115,mobile
R_00210,38,Sousse,848.82,0.455,0.857,0.64,branch
R_00211,41,Nabeul,965.6,0.251,0.223,0.1,branch
R_00212,57,Tunis,1918.83,0.371,0.843,0.1,mobile
R_00213,42,Tunis,724.09,0.104,0.404,0.1,branch
R_00214,36,Nabeul,806.67,0.664,0.722,0.444,branch
R_00215,43,Ben Arous,698.64,0.189,0.745,0.193,mobile
R_00216,51,Sousse,1464.71,0.066,0.248,0.63,whatsapp
R_00217,36,Ben Arous,842.76,0.775,0.868,0.591,branch
R_00218,35,Tunis,687.47,0.264,0.398,0.145,web
R_00219,26,Sousse,2310.84,0.218,0.657,0.899,mobile
R_00220,49,Ariana,2284.52,0.434,0.542,0.392,web
R_00221,40,Manouba,1462.95,0.405,0.932,0.588,branch
R_00222,30,Tunis,647.24,0.531,0.249,0.58,branch
R_00223,61,Tunis,2072.31,0.516,0.804,0.68,web
R_00224,37,Tunis,1577.39,0.387,0.416,0.504,web
R_00225,45,Sfax,614.9,0.918,0.848,0.108,whatsapp
R_00226,42,Ariana,1114.1,0.793,0.881,0.4,web
R_00227,43,Sfax,400.0,0.427,0.314,0.357,mobile
R_00228,52,Tunis,1552.32,0.808,0.518,0.1,branch
R_00229,32,Manouba,2999.25,0.626,0.471,0.677,mobile
R_00230,30,Tunis,1972.37,0.336,0.803,0.775,mobile
R_00231,25,Tunis,1182.97,0.175,0.378,0.162,branch
R_00232,43,Sfax,1241.17,0.848,0.491,0.344,mobile
R_00233,49,Gafsa,728.15,0.665,0.726,0.308,branch
R_00234,32,Ben Arous,804.89,0.687,0.74,0.472,web
R_00235,38,Sfax,896.92,0.659,0.378,0.541,mobile
R_00236,52,Sfax,534.03,0.286,0.689,0.192,mobile
R_00237,63,Monastir,723.55,0.396,0.85,0.168,whatsapp
R_00238,41,Gafsa,1978.1,0.35,0.349,0.587,mobile
R_00239,48,Ariana,1984.57,0.224,0.795,0.432,branch
R_00240,44,Tunis,1084.28,0.629,0.903,0.443,mobile
R_00241,33,Ariana,1654.56,0.82,0.346,0.484,mobile
R_00242,54,Kairouan,472.79,0.311,0.625,0.317,web
R_00243,21,Tunis,1106.49,0.232,0.521,0.903,mobile
R_00244,21,Gafsa,859.1,0.75,0.323,1.0,mobile
R_00245,18,Monastir,916.64,0.806,0.666,0.704,branch
R_00246,50,Ariana,1139.35,0.266,0.652,0.28,branch
R_00247,60,Kairouan,635.42,0.366,0.698,0.355,branch
R_00248,51,Tunis,1138.61,0.467,0.868,0.27,mobile
R_00249,41,Ariana,431.1,0.721,0.198,0.325,branch
R_00250,38,Sfax,930.56,0.98,0.771,0.296,mobile
R_00251,31,Gafsa,1751.81,0.38,0.672,0.437,mobile
R_00252,45,Tunis,1161.94,0.374,0.755,0.415,branch
R_00253,40,Tunis,1315.19,0.607,0.71,0.559,mobile
R_00254,31,Tunis,2628.11,0.45,0.588,0.839,mobile
R_00255,41,Tunis,905.99,0.413,0.871,0.302,mobile
R_00256,41,Tunis,1217.13,0.643,0.319,0.527,branch
R_00257,30,Mahdia,775.8,0.386,0.792,0.1,whatsapp
R_00258,21,Sousse,1046.81,0.733,0.535,0.924,branch
R_00259,35,Monastir,833.01,0.307,0.667,0.514,mobile
R_00260,41,Tunis,1456.48,0.496,0.638,0.1,mobile
R_00261,60,Tunis,1394.06,0.449,0.524,0.1,mobile
R_00262,38,Tunis,1734.35,0.597,0.7,0.518,mobile
R_00263,40,Nabeul,420.18,0.541,0.287,0.547,mobile
R_00264,18,Tunis,956.72,0.286,0.422,0.938,branch
R_00265,18,Sfax,1151.16,0.738,0.441,0.571,whatsapp
R_00266,31,Nabeul,840.54,0.756,0.462,0.622,whatsapp
R_00267,37,Ariana,972.07,0.522,0.417,0.242,branch
R_00268,46,Sfax,1258.8,0.114,0.42,0.433,branch
R_00269,38,Sfax,1100.38,0.657,0.636,0.664,web
R_00270,19,Mahdia,680.52,0.298,0.262,0.908,branch
R_00271,49,Manouba,1513.51,0.614,0.711,0.372,branch
R_00272,51,Sousse,759.28,0.533,0.761,0.217,mobile
R_00273,51,Ben Arous,576.39,0.829,0.501,0.1,whatsapp
R_00274,59,Sousse,1000.29,0.543,0.865,0.431,branch
R_00275,59,Tunis,844.72,0.202,0.722,0.1,web
R_00276,24,Ariana,940.75,0.82,0.699,0.603,mobile
R_00277,55,Sousse,945.46,0.392,0.797,0.555,mobile
R_00278,47,Tunis,446.85,0.607,0.879,0.32,branch
R_00279,30,Tunis,2051.46,0.625,0.965,0.582,branch
R_00280,18,Tunis,400.0,0.293,0.611,0.975,branch
R_00281,53,Sfax,736.16,0.332,0.687,0.28,mobile
R_00282,18,Ariana,1160.01,0.352,0.29,0.61,web
R_00283,41,Bizerte,992.38,0.509,0.872,0.549,web
R_00284,52,Sfax,1097.99,0.609,0.795,0.572,mobile
R_00285,65,Tunis,1382.22,0.531,0.894,0.1,mobile
R_00286,66,Manouba,838.12,0.388,0.572,0.1,mobile
R_00287,31,Sfax,787.33,0.809,0.733,0.814,branch
R_00288,33,Tunis,1556.05,0.202,0.463,0.621,branch
R_00289,49,Kairouan,505.38,0.275,0.759,0.116,whatsapp
R_00290,43,Tunis,1463.08,0.667,0.188,0.621,branch
R_00291,31,Bizerte,579.59,0.212,0.237,0.758,branch
R_00292,48,Sfax,1218.2,0.325,0.969,0.463,branch
R_00293,45,Tunis,1220.3,0.442,0.626,0.28,web
R_00294,25,Sfax,608.93,0.544,0.232,0.641,mobile
R_00295,50,Tunis,593.61,0.407,0.305,0.186,mobile
R_00296,55,Nabeul,473.62,0.307,0.615,0.1,mobile
R_00297,19,Sousse,2023.42,0.488,0.47,0.951,web
R_00298,39,Tunis,1351.08,0.626,0.575,0.722,branch
R_00299,31,Gafsa,471.31,0.633,0.559,0.917,web
R_00300,48,Ariana,1533.37,0.607,0.508,0.356,mobile
R_00301,27,Nabeul,435.61,0.728,0.331,0.762,mobile
R_00302,28,Sousse,720.94,0.597,0.906,0.853,whatsapp
R_00303,58,Kairouan,1628.08,0.238,0.662,0.162,branch
R_00304,25,Nabeul,524.04,0.722,0.536,0.797,mobile
R_00305,26,Sousse,508.51,0.453,0.434,0.392,mobile
R_00306,56,Ariana,1017.05,0.332,0.878,0.209,branch
R_00307,35,Manouba,1512.36,0.189,0.503,0.1,mobile
R_00308,40,Sousse,2079.04,0.578,0.621,0.557,whatsapp
R_00309,28,Ariana,2690.05,0.807,0.478,0.698,web
R_00310,29,Nabeul,1588.58,0.178,0.679,0.405,mobile
R_00311,38,Tunis,812.87,0.358,0.49,0.402,web
R_00312,18,Mahdia,868.27,0.59,0.712,0.639,mobile
R_00313,44,Tunis,2369.99,0.384,0.697,0.405,branch
R_00314,36,Sfax,1119.58,0.42,0.9,0.383,branch
R_00315,34,Tunis,783.16,0.317,0.487,0.62,branch
R_00316,40,Bizerte,400.0,0.628,0.332,0.318,mobile
R_00317,28,Sousse,1101.21,0.306,0.859,0.746,mobile
R_00318,40,Sousse,889.1,0.449,0.906,0.598,mobile
R_00319,45,Tunis,1032.79,0.501,0.715,0.383,branch
R_00320,58,Mahdia,752.97,0.602,0.476,0.1,whatsapp
R_00321,61,Ben Arous,1002.56,0.412,0.966,0.1,branch
R_00322,56,Sousse,1321.62,0.391,0.65,0.26,mobile
R_00323,31,Tunis,842.75,0.265,0.905,0.789,web
R_00324,30,Tunis,1032.89,0.533,0.897,0.23,mobile
R_00325,42,Ariana,1217.19,0.256,0.775,0.13,mobile
R_00326,43,Ariana,557.82,0.414,0.896,0.148,mobile
R_00327,52,Ben Arous,784.32,0.611,0.619,0.342,mobile
R_00328,65,Kairouan,1671.8,0.532,0.941,0.1,whatsapp
R_00329,34,Kairouan,653.6,0.822,0.54,0.238,whatsapp
R_00330,44,Tunis,1044.82,0.962,0.872,0.506,branch
R_00331,44,Bizerte,979.54,0.399,0.706,0.1,branch
R_00332,42,Kairouan,632.74,0.235,0.293,0.452,mobile
R_00333,41,Tunis,959.19,0.436,0.431,0.474,whatsapp
R_00334,36,Sousse,863.64,0.257,0.861,0.409,web
R_00335,24,Nabeul,861.54,0.443,0.389,0.922,mobile
R_00336,58,Mahdia,666.82,0.847,0.462,0.38,whatsapp
R_00337,41,Sousse,543.74,0.265,0.597,0.618,web
R_00338,30,Tunis,1911.57,0.839,0.252,0.585,mobile
R_00339,30,Tunis,685.22,0.4,0.194,0.65,web
R_00340,50,Tunis,1512.09,0.182,0.595,0.267,mobile
R_00341,37,Ariana,1138.65,0.505,0.673,0.33,branch
R_00342,35,Sfax,986.14,0.927,0.81,0.506,mobile
R_00343,44,Gafsa,1054.8,0.794,0.881,0.515,mobile
R_00344,32,Sousse,400.0,0.773,0.458,0.483,mobile
R_00345,38,Sousse,851.34,0.554,0.535,0.312,branch
R_00346,28,Ariana,1190.75,0.257,0.241,1.0,web
R_00347,47,Manouba,410.97,0.476,0.552,0.452,mobile
R_00348,56,Tunis,1771.11,0.673,0.702,0.325,branch
R_00349,40,Tunis,1238.37,0.329,0.51,0.327,mobile
R_00350,31,Gafsa,885.19,0.118,0.801,0.521,branch
R_00351,25,Tunis,1175.57,0.54,0.416,0.878,web
R_00352,32,Sousse,1458.23,0.29,0.558,0.557,web
R_00353,28,Monastir,1448.39,0.212,0.896,0.733,whatsapp
R_00354,36,Sousse,841.81,0.194,0.654,0.316,branch
R_00355,49,Tunis,1632.44,0.867,0.23,0.298,branch
R_00356,43,Tunis,470.1,0.261,0.342,0.311,web
R_00357,59,Tunis,1207.2,0.793,0.924,0.437,whatsapp
R_00358,23,Sfax,828.31,0.723,0.422,0.81,branch
R_00359,55,Tunis,2813.14,0.433,0.814,0.388,whatsapp
R_00360,48,Tunis,1285.32,0.666,0.658,0.358,mobile
R_00361,32,Gafsa,613.09,0.708,0.558,0.812,branch
R_00362,45,Sousse,1178.64,0.143,0.715,0.426,mobile
R_00363,47,Kairouan,488.72,0.776,0.849,0.219,mobile
R_00364,50,Kairouan,1438.72,0.713,0.683,0.209,branch
R_00365,42,Gafsa,582.06,0.137,0.738,0.504,whatsapp
R_00366,51,Ariana,2066.31,0.503,0.815,0.564,mobile
R_00367,30,Manouba,718.69,0.217,0.582,0.605,mobile
R_00368,38,Mahdia,1484.95,0.31,0.749,0.356,mobile
R_00369,53,Ariana,2737.17,0.409,0.509,0.516,branch
R_00370,24,Sfax,804.01,0.489,0.777,0.65,whatsapp
R_00371,73,Kairouan,733.4,0.419,0.614,0.1,web
R_00372,54,Bizerte,806.29,0.315,0.809,0.291,web
R_00373,30,Monastir,529.89,0.588,0.352,0.791,web
R_00374,30,Ariana,953.55,0.442,0.493,0.375,web
R_00375,54,Tunis,1896.19,0.376,0.864,0.485,mobile
R_00376,19,Mahdia,1222.06,0.117,0.344,0.595,mobile
R_00377,43,Tunis,2851.29,0.193,0.286,0.59,mobile
R_00378,36,Sfax,758.54,0.593,0.761,0.49,branch
R_00379,55,Nabeul,861.46,0.783,0.638,0.529,mobile
R_00380,27,Sousse,570.43,0.484,0.794,0.469,mobile
R_00381,45,Manouba,711.77,0.661,0.641,0.326,whatsapp
R_00382,60,Sfax,610.71,0.447,0.499,0.1,mobile
R_00383,18,Sousse,400.0,0.523,0.805,1.0,web
R_00384,34,Tunis,1869.23,0.879,0.618,0.905,mobile
R_00385,42,Sousse,1032.71,0.635,0.55,0.256,mobile
R_00386,34,Sfax,937.64,0.545,0.366,0.321,mobile
R_00387,19,Gafsa,1653.33,0.436,0.32,0.545,mobile
R_00388,37,Tunis,2342.8,0.483,0.788,0.287,branch
R_00389,18,Sfax,927.08,0.463,0.86,0.52,mobile
R_00390,18,Sfax,1632.65,0.392,0.433,0.651,web
R_00391,34,Manouba,811.14,0.272,0.167,0.561,branch
R_00392,32,Tunis,826.24,0.351,0.487,1.0,whatsapp
R_00393,35,Ben Arous,589.35,0.452,0.807,0.757,branch
R_00394,45,Nabeul,732.3,0.007,0.573,0.461,whatsapp
R_00395,24,Bizerte,806.15,0.047,0.607,0.457,branch
R_00396,46,Sousse,653.28,0.213,0.436,0.585,mobile
R_00397,49,Sousse,770.78,0.837,0.527,0.389,web
R_00398,34,Bizerte,787.99,0.6,0.85,0.276,mobile
R_00399,38,Sousse,649.13,0.564,0.625,0.28,branch
R_00400,43,Tunis,2926.29,0.128,0.685,0.243,branch
R_00401,47,Sousse,557.29,0.679,0.31,0.288,mobile
R_00402,18,Mahdia,829.88,0.271,0.717,0.725,branch
R_00403,35,Kairouan,568.85,0.507,0.504,0.337,mobile
R_00404,18,Sfax,736.01,0.223,0.894,0.47,mobile
R_00405,57,Tunis,1749.84,0.864,0.68,0.439,mobile
R_00406,44,Tunis,3417.35,0.602,0.406,0.448,mobile
R_00407,50,Bizerte,629.49,0.427,0.668,0.513,branch
R_00408,34,Tunis,604.98,0.63,0.231,0.235,branch
R_00409,41,Tunis,2299.08,0.267,0.497,0.569,mobile
R_00410,26,Tunis,1333.28,0.284,0.469,0.388,branch
R_00411,27,Sousse,718.11,0.259,0.871,0.342,mobile
R_00412,44,Gafsa,675.73,0.118,0.738,0.732,mobile
R_00413,52,Tunis,1166.27,0.302,0.496,0.157,mobile
R_00414,43,Nabeul,984.7,0.564,0.635,0.432,mobile
R_00415,41,Tunis,1001.87,0.476,0.628,0.745,web
R_00416,22,Monastir,400.0,0.738,0.699,0.454,branch
R_00417,38,Ariana,1532.24,0.576,0.868,0.323,branch
R_00418,30,Sousse,832.28,0.332,0.616,0.803,branch
R_00419,50,Nabeul,886.12,0.298,0.497,0.37,web
R_00420,39,Mahdia,400.0,0.455,0.84,0.15,mobile
R_00421,35,Bizerte,620.73,0.215,0.789,0.266,mobile
R_00422,38,Sousse,992.41,0.626,0.466,0.722,branch
R_00423,42,Sousse,1255.71,0.451,0.699,0.423,web
R_00424,54,Sfax,484.11,0.343,0.339,0.1,mobile
R_00425,34,Monastir,912.01,0.561,0.399,0.17,whatsapp
R_00426,51,Sousse,1539.13,0.969,0.622,0.539,branch
R_00427,34,Ariana,1345.84,0.463,0.831,0.563,mobile
R_00428,24,Tunis,1084.03,0.874,0.711,0.579,branch
R_00429,37,Mahdia,400.0,0.637,0.82,0.381,mobile
R_00430,40,Gafsa,581.75,0.551,0.603,0.758,branch
R_00431,47,Bizerte,1065.24,0.072,0.771,0.224,branch
R_00432,31,Sfax,777.21,0.893,0.835,0.765,branch
R_00433,42,Tunis,400.0,0.442,0.452,0.523,whatsapp
R_00434,21,Sfax,1017.55,0.451,0.905,0.671,branch
R_00435,29,Bizerte,909.15,0.525,0.467,0.538,branch
R_00436,37,Tunis,1559.4,0.533,0.413,0.318,mobile
R_00437,18,Monastir,737.3,0.739,0.714,0.748,web
R_00438,44,Tunis,2506.47,0.613,0.391,0.477,branch
R_00439,33,Mahdia,836.21,0.381,0.733,0.893,branch
R_00440,18,Mahdia,775.82,0.406,0.846,0.829,branch
R_00441,44,Nabeul,1466.82,0.599,0.353,0.566,branch
R_00442,48,Tunis,1253.61,0.248,0.363,0.712,whatsapp
R_00443,18,Ben Arous,1782.84,0.548,0.305,0.822,web
R_00444,18,Sousse,564.7,0.807,0.726,0.917,web
R_00445,18,Kairouan,714.8,0.541,0.58,0.511,mobile
R_00446,37,Tunis,977.86,0.217,0.235,0.393,mobile
R_00447,39,Ben Arous,1392.4,0.074,0.513,0.644,web
R_00448,35,Tunis,880.18,0.371,0.918,0.383,mobile
R_00449,51,Sousse,496.89,0.896,0.382,0.1,branch
R_00450,28,Sousse,801.71,0.445,0.436,0.591,mobile
R_00451,22,Gafsa,521.4,0.309,0.369,0.713,mobile
R_00452,24,Ariana,901.97,0.297,0.43,0.922,branch
R_00453,32,Ariana,2834.9,0.403,0.241,0.487,branch
R_00454,44,Sfax,692.24,0.163,0.573,0.546,mobile
R_00455,44,Tunis,1769.18,0.297,0.33,0.149,branch
R_00456,49,Sousse,526.72,0.852,0.84,0.711,branch
R_00457,25,Nabeul,1043.12,0.783,0.659,0.471,mobile
R_00458,28,Tunis,1315.84,0.584,0.633,0.594,web
R_00459,41,Monastir,1583.2,0.321,0.735,0.726,mobile
R_00460,42,Tunis,1847.5,0.218,0.941,0.637,mobile
R_00461,36,Sfax,978.94,0.926,0.099,0.92,branch
R_00462,42,Sfax,495.0,0.54,0.815,0.331,branch
R_00463,35,Sfax,529.48,0.54,0.319,0.907,branch
R_00464,58,Manouba,663.94,0.352,0.428,0.1,whatsapp
R_00465,27,Mahdia,561.43,0.296,0.57,0.402,branch
R_00466,39,Sfax,1640.08,0.72,0.234,0.463,web
R_00467,55,Ben Arous,1525.7,0.823,0.522,0.1,mobile
R_00468,37,Ariana,1069.19,0.57,0.398,0.794,whatsapp
R_00469,46,Manouba,774.2,0.494,0.624,0.405,web
R_00470,38,Gafsa,1218.13,0.604,0.825,0.246,mobile
R_00471,38,Bizerte,747.65,0.459,0.315,0.553,mobile
R_00472,54,Gafsa,1123.13,0.426,0.559,0.341,mobile
R_00473,27,Sfax,776.01,0.401,0.394,0.778,mobile
R_00474,40,Nabeul,733.81,0.396,0.728,0.387,branch
R_00475,22,Tunis,1423.97,0.914,0.449,0.396,web
R_00476,27,Sfax,1003.4,0.21,0.592,0.529,web
R_00477,50,Mahdia,685.46,0.746,0.447,0.162,branch
R_00478,36,Nabeul,892.37,0.089,0.511,0.281,mobile
R_00479,39,Nabeul,821.53,0.403,0.32,0.626,branch
R_00480,24,Sfax,637.64,0.646,0.26,0.515,mobile
R_00481,19,Sousse,823.67,0.622,0.556,0.575,branch
R_00482,30,Ben Arous,819.41,0.232,0.62,0.747,branch
R_00483,68,Tunis,1533.63,0.323,0.343,0.1,mobile
R_00484,42,Manouba,999.74,0.667,0.271,0.428,branch
R_00485,32,Sousse,957.95,0.268,0.495,0.538,branch
R_00486,24,Sfax,798.1,0.237,0.467,0.363,branch
R_00487,49,Tunis,1257.4,0.61,0.471,0.21,web
R_00488,40,Ben Arous,400.0,0.66,0.312,0.591,mobile
R_00489,18,Sousse,637.06,0.298,0.677,0.655,web
R_00490,57,Tunis,658.28,0.112,0.431,0.1,mobile
R_00491,18,Sousse,1485.11,0.212,0.671,0.787,web
R_00492,44,Kairouan,763.69,0.925,0.775,0.418,branch
R_00493,56,Ben Arous,969.75,0.536,0.932,0.1,mobile
R_00494,46,Sousse,648.99,0.389,0.496,0.197,branch
R_00495,41,Tunis,2332.67,0.195,0.933,0.468,branch
R_00496,51,Manouba,915.56,0.239,0.456,0.199,branch
R_00497,54,Bizerte,1439.38,0.053,0.892,0.143,branch
R_00498,57,Tunis,2052.89,0.165,0.558,0.1,mobile
R_00499,48,Sfax,619.32,0.293,0.673,0.126,branch
R_00500,57,Sousse,600.69,0.814,0.102,0.407,web
R_00501,56,Ariana,400.0,0.081,0.55,0.1,branch
R_00502,34,Bizerte,933.88,0.529,0.504,0.657,branch
R_00503,36,Ariana,992.41,0.397,0.586,0.361,branch
R_00504,22,Tunis,1662.12,0.496,0.315,0.454,web
R_00505,43,Ben Arous,769.84,0.262,0.804,0.235,mobile
R_00506,42,Sfax,1501.95,0.555,0.865,0.499,web
R_00507,34,Sfax,1294.69,0.753,0.699,0.665,mobile
R_00508,52,Tunis,1673.36,0.84,0.325,0.215,mobile
R_00509,34,Manouba,816.06,0.224,0.799,0.776,whatsapp
R_00510,22,Tunis,1162.96,0.457,0.778,0.653,mobile
R_00511,44,Mahdia,778.47,0.609,0.907,0.245,whatsapp
R_00512,30,Mahdia,400.0,0.488,0.495,0.513,mobile
R_00513,37,Tunis,1889.84,0.448,0.82,0.75,web
R_00514,31,Nabeul,1028.49,0.496,0.886,0.518,mobile
R_00515,27,Gafsa,616.67,0.739,0.896,0.581,mobile
R_00516,39,Sfax,705.2,0.542,0.679,0.136,whatsapp
R_00517,47,Kairouan,661.32,0.192,0.789,0.39,branch
R_00518,26,Tunis,2342.23,0.455,0.402,0.879,branch
R_00519,25,Tunis,1382.49,0.449,0.83,0.755,mobile
R_00520,35,Tunis,1474.21,0.692,0.586,0.603,whatsapp
R_00521,46,Manouba,482.03,0.744,0.75,0.63,mobile
R_00522,48,Bizerte,603.25,0.431,0.745,0.249,mobile
R_00523,43,Ariana,1253.1,0.55,0.653,0.466,mobile
R_00524,23,Sousse,1413.93,0.48,0.412,0.482,mobile
R_00525,51,Sfax,529.67,0.238,0.272,0.364,branch
R_00526,18,Nabeul,888.05,0.67,0.74,0.874,branch
R_00527,24,Mahdia,1030.74,0.748,0.574,0.955,mobile
R_00528,52,Manouba,1268.12,0.897,0.63,0.143,mobile
R_00529,61,Tunis,2027.88,0.269,0.412,0.1,branch
R_00530,36,Sousse,743.0,0.197,0.789,0.713,mobile
R_00531,41,Ariana,1379.9,0.678,0.458,0.363,mobile
R_00532,30,Mahdia,799.15,0.082,0.583,0.621,web
R_00533,54,Ben Arous,639.91,0.077,0.453,0.42,mobile
R_00534,73,Tunis,1615.2,0.298,0.65,0.187,branch
R_00535,47,Ariana,1757.62,0.863,0.652,0.276,mobile
R_00536,32,Tunis,952.97,0.611,0.373,0.454,web
R_00537,38,Tunis,742.29,0.816,0.463,0.402,branch
R_00538,39,Nabeul,1003.59,0.429,0.632,0.312,whatsapp
R_00539,50,Tunis,2306.6,0.669,0.913,0.289,mobile
R_00540,54,Kairouan,742.57,0.186,0.854,0.315,branch
R_00541,38,Sfax,746.05,0.604,0.705,0.1,whatsapp
R_00542,51,Sousse,891.52,0.53,0.427,0.498,mobile
R_00543,37,Sousse,400.0,0.269,0.237,0.468,web
R_00544,48,Tunis,1623.03,0.71,0.73,0.417,branch
R_00545,55,Nabeul,400.0,0.432,0.675,0.1,mobile
R_00546,50,Ariana,1775.4,0.226,0.237,0.235,branch
R_00547,46,Sfax,906.83,0.732,0.612,0.383,branch
R_00548,27,Tunis,1829.25,0.702,0.613,0.641,web
R_00549,28,Monastir,597.62,0.619,0.591,0.584,whatsapp
R_00550,40,Ariana,1395.14,0.485,0.321,0.277,mobile
R_00551,21,Tunis,1140.18,0.687,0.762,0.821,branch
R_00552,18,Tunis,2142.71,0.347,0.475,0.751,branch
R_00553,43,Bizerte,868.87,0.508,0.802,0.38,mobile
R_00554,37,Nabeul,448.31,0.809,0.821,0.4,mobile
R_00555,52,Sousse,998.85,0.625,0.532,0.264,web
R_00556,25,Tunis,769.18,0.256,0.46,0.651,branch
R_00557,53,Gafsa,634.69,0.633,0.74,0.317,branch
R_00558,30,Mahdia,915.04,0.14,0.6,0.308,mobile
R_00559,55,Sfax,1555.69,0.142,0.877,0.1,mobile
R_00560,31,Ben Arous,959.9,0.745,0.754,0.126,branch
R_00561,45,Sousse,416.9,0.303,0.357,0.305,branch
R_00562,47,Tunis,2372.29,0.721,0.418,0.479,whatsapp
R_00563,50,Ariana,1013.05,0.256,0.4,0.21,web
R_00564,55,Nabeul,687.21,0.735,0.951,0.174,mobile
R_00565,38,Sfax,819.39,0.685,0.838,0.373,mobile
R_00566,49,Sfax,1367.74,0.354,0.575,0.481,web
R_00567,26,Tunis,1925.86,0.462,0.881,0.826,web
R_00568,40,Tunis,2533.24,0.427,0.674,0.124,mobile
R_00569,42,Sousse,1075.45,0.354,0.452,0.444,whatsapp
R_00570,36,Sfax,520.53,0.487,0.667,0.344,branch
R_00571,29,Tunis,1503.92,0.641,0.803,0.641,branch
R_00572,42,Tunis,1498.76,0.76,0.658,0.595,web
R_00573,49,Ben Arous,1233.07,0.116,0.827,0.1,branch
R_00574,38,Gafsa,717.53,0.259,0.179,0.606,mobile
R_00575,61,Mahdia,809.65,0.267,0.286,0.344,branch
R_00576,37,Sfax,1503.2,0.758,0.48,0.65,branch
R_00577,31,Sousse,759.14,0.278,0.537,0.345,mobile
R_00578,45,Nabeul,547.76,0.468,0.901,0.1,branch
R_00579,20,Nabeul,1207.99,0.637,0.577,0.557,mobile
R_00580,45,Sousse,518.83,0.565,0.675,0.558,mobile
R_00581,43,Ben Arous,822.44,0.336,0.869,0.627,mobile
R_00582,33,Nabeul,1141.34,0.423,0.533,0.665,mobile
R_00583,32,Sfax,1368.79,0.605,0.594,0.548,branch
R_00584,50,Ariana,865.9,0.383,0.423,0.306,mobile
R_00585,40,Sousse,1179.03,0.626,0.588,0.351,branch
R_00586,25,Tunis,731.94,0.816,0.676,0.621,web
R_00587,52,Mahdia,799.59,0.345,0.717,0.178,branch
R_00588,55,Sousse,1008.83,0.832,0.401,0.429,branch
R_00589,33,Tunis,2787.91,0.668,0.544,0.369,mobile
R_00590,74,Tunis,2576.3,0.127,0.763,0.1,web
R_00591,34,Manouba,599.92,0.476,0.766,0.559,branch
R_00592,51,Monastir,630.6,0.614,0.537,0.317,branch
R_00593,36,Sfax,1169.48,0.352,0.718,0.736,mobile
R_00594,18,Tunis,1378.39,0.348,0.764,0.612,mobile
R_00595,49,Bizerte,400.0,0.846,0.568,0.258,web
R_00596,66,Tunis,1385.29,0.638,0.418,0.281,mobile
R_00597,19,Bizerte,438.94,0.571,0.432,0.706,mobile
R_00598,21,Ariana,1252.98,0.129,0.542,0.499,web
R_00599,31,Tunis,1164.7,0.275,0.506,0.956,whatsapp
R_00600,48,Sfax,964.86,0.774,0.388,0.642,branch
R_00601,19,Sousse,560.11,0.677,0.583,0.678,whatsapp
R_00602,38,Manouba,555.04,0.478,0.657,0.511,branch
R_00603,26,Tunis,1273.1,0.654,0.502,0.371,branch
R_00604,40,Kairouan,775.55,0.507,0.422,0.671,mobile
R_00605,32,Sousse,405.75,0.337,0.666,0.57,web
R_00606,53,Mahdia,458.39,0.701,0.452,0.351,branch
R_00607,52,Tunis,1043.8,0.43,0.805,0.176,branch
R_00608,30,Ariana,1097.04,0.36,0.382,0.813,branch
R_00609,34,Monastir,931.75,0.119,0.709,0.242,web
R_00610,47,Sfax,668.88,0.505,0.767,0.302,mobile
R_00611,40,Sfax,739.31,0.621,0.838,0.28,mobile
R_00612,18,Tunis,1233.31,0.775,0.429,0.834,mobile
R_00613,45,Nabeul,1128.48,0.554,0.821,0.572,mobile
R_00614,33,Manouba,937.87,0.486,0.878,0.24,branch
R_00615,52,Tunis,1149.92,0.432,0.336,0.513,mobile
R_00616,57,Sousse,1447.37,0.378,0.796,0.499,mobile
R_00617,18,Manouba,873.42,0.454,0.809,0.781,whatsapp
R_00618,36,Ariana,1587.85,0.463,0.737,0.683,branch
R_00619,51,Monastir,1173.09,0.548,0.35,0.366,mobile
R_00620,61,Kairouan,944.23,0.123,0.861,0.1,mobile
R_00621,47,Tunis,1110.41,0.569,0.813,0.423,mobile
R_00622,26,Sousse,758.37,0.303,0.627,0.63,web
R_00623,49,Gafsa,828.72,0.309,0.563,0.781,branch
R_00624,58,Tunis,1473.63,0.77,0.582,0.191,web
R_00625,42,Ariana,4572.01,0.608,0.801,0.286,mobile
R_00626,37,Nabeul,855.01,0.279,0.539,0.217,whatsapp
R_00627,53,Kairouan,400.0,0.671,0.775,0.19,web
R_00628,40,Gafsa,2483.64,0.303,0.267,0.581,mobile
R_00629,39,Tunis,1052.53,0.819,0.707,0.305,whatsapp
R_00630,63,Tunis,1719.71,0.47,0.888,0.1,mobile
R_00631,53,Mahdia,666.9,0.399,0.898,0.225,branch
R_00632,27,Ariana,1343.04,0.355,0.698,0.372,mobile
R_00633,32,Sfax,515.54,0.397,0.759,0.471,whatsapp
R_00634,31,Sousse,613.58,0.43,0.746,0.546,mobile
R_00635,24,Bizerte,930.16,0.232,0.444,0.566,whatsapp
R_00636,56,Tunis,1713.57,0.943,0.662,0.294,mobile
R_00637,57,Ariana,734.48,0.834,0.698,0.385,branch
R_00638,47,Manouba,710.94,0.464,0.89,0.518,web
R_00639,41,Tunis,1156.43,0.02,0.47,0.554,web
R_00640,46,Tunis,1230.18,0.538,0.683,0.633,branch
R_00641,28,Sfax,737.32,0.582,0.424,0.91,branch
R_00642,48,Kairouan,983.68,0.422,0.233,0.109,whatsapp
R_00643,40,Ariana,1055.11,0.645,0.706,0.729,branch
R_00644,29,Sousse,1786.25,0.198,0.89,0.523,web
R_00645,48,Tunis,400.0,0.14,0.779,0.207,mobile
R_00646,65,Bizerte,600.22,0.685,0.392,0.1,mobile
R_00647,40,Ben Arous,982.29,0.177,0.295,0.398,branch
R_00648,31,Ben Arous,784.76,0.373,0.413,0.595,whatsapp
R_00649,43,Mahdia,787.19,0.686,0.584,0.128,whatsapp
R_00650,52,Tunis,2771.96,0.585,0.925,0.1,mobile
R_00651,47,Tunis,2458.07,0.737,0.361,0.425,whatsapp
R_00652,32,Tunis,1226.23,0.657,0.265,0.715,web
R_00653,50,Monastir,400.0,0.232,0.38,0.306,whatsapp
R_00654,27,Sfax,1442.84,0.341,0.296,0.584,branch
R_00655,38,Sousse,631.24,0.536,0.844,0.154,whatsapp
R_00656,43,Sfax,1047.86,0.111,0.333,0.162,web
R_00657,40,Bizerte,796.2,0.675,0.466,0.579,mobile
R_00658,34,Ariana,1319.01,0.368,0.278,0.717,web
R_00659,30,Nabeul,1264.69,0.552,0.763,0.221,mobile
R_00660,22,Ben Arous,904.32,0.112,0.879,0.726,mobile
R_00661,31,Ariana,970.76,0.119,0.373,0.699,mobile
R_00662,32,Manouba,632.5,0.264,0.348,0.983,branch
R_00663,18,Tunis,1508.94,0.857,0.508,0.945,mobile
R_00664,27,Sousse,432.29,0.553,0.387,0.677,branch
R_00665,60,Sousse,1714.28,0.125,0.772,0.22,branch
R_00666,50,Kairouan,1020.43,0.741,0.593,0.633,branch
R_00667,47,Tunis,918.06,0.484,0.877,0.303,mobile
R_00668,55,Sfax,538.71,0.853,0.659,0.56,whatsapp
R_00669,48,Ariana,779.3,0.41,0.805,0.136,web
R_00670,44,Gafsa,2504.33,0.501,0.599,0.442,branch
R_00671,39,Mahdia,2157.89,0.321,0.49,0.33,branch
R_00672,51,Sousse,852.02,0.658,0.675,0.325,branch
R_00673,38,Sousse,1758.18,0.327,0.833,0.214,whatsapp
R_00674,55,Ariana,899.74,0.384,0.419,0.466,branch
R_00675,46,Tunis,952.29,0.77,0.466,0.345,mobile
R_00676,42,Sfax,629.47,0.577,0.593,0.84,mobile
R_00677,30,Gafsa,1433.91,0.605,0.691,0.632,branch
R_00678,46,Sfax,1226.25,0.435,0.631,0.34,mobile
R_00679,57,Ariana,532.45,0.634,0.694,0.1,mobile
R_00680,37,Ariana,1296.73,0.459,0.776,0.418,branch
R_00681,51,Tunis,1051.05,0.74,0.84,0.225,mobile
R_00682,33,Tunis,1588.37,0.056,0.333,0.437,branch
R_00683,43,Monastir,887.88,0.804,0.74,0.167,branch
R_00684,18,Tunis,2571.88,0.502,0.495,1.0,web
R_00685,45,Manouba,888.21,0.442,0.743,0.452,branch
R_00686,54,Tunis,1566.86,0.22,0.538,0.661,whatsapp
R_00687,43,Sfax,489.0,0.434,0.708,0.389,web
R_00688,58,Ben Arous,1763.01,0.685,0.633,0.555,branch
R_00689,31,Tunis,400.0,0.473,0.82,0.488,web
R_00690,43,Monastir,846.11,0.623,0.57,0.459,branch
R_00691,49,Bizerte,1046.07,0.452,0.166,0.484,whatsapp
R_00692,24,Ariana,2283.06,0.923,0.75,0.913,mobile
R_00693,18,Ben Arous,400.0,0.283,0.977,0.546,mobile
R_00694,61,Tunis,1005.97,0.156,0.572,0.1,branch
R_00695,41,Nabeul,754.45,0.255,0.881,0.211,web
R_00696,61,Nabeul,972.36,0.782,0.586,0.225,branch
R_00697,60,Tunis,2106.21,0.305,0.419,0.121,mobile
R_00698,36,Bizerte,773.95,0.037,0.597,0.894,mobile
R_00699,46,Ariana,749.01,0.285,0.66,0.59,mobile
R_00700,48,Tunis,1080.11,0.241,0.625,0.39,mobile
R_00701,26,Ariana,1178.34,0.067,0.509,0.666,web
R_00702,46,Tunis,1222.24,0.217,0.4,0.444,whatsapp
R_00703,26,Kairouan,935.68,0.396,0.838,0.469,branch
R_00704,32,Sfax,1182.97,0.413,0.603,0.686,mobile
R_00705,47,Tunis,1307.79,0.789,0.378,0.311,mobile
R_00706,42,Sfax,760.09,0.22,0.901,0.949,branch
R_00707,49,Sousse,1457.72,0.807,0.459,0.389,mobile
R_00708,49,Tunis,2158.31,0.489,0.877,0.372,branch
R_00709,26,Tunis,1012.77,0.402,0.624,0.289,branch
R_00710,27,Bizerte,513.83,0.608,0.897,0.463,mobile
R_00711,31,Ben Arous,1737.08,0.72,0.525,0.635,mobile
R_00712,71,Bizerte,1113.93,0.17,0.247,0.1,web
R_00713,23,Ben Arous,788.22,0.306,0.596,0.882,web
R_00714,43,Tunis,521.51,0.277,0.751,0.145,whatsapp
R_00715,44,Ben Arous,874.48,0.826,0.568,0.32,mobile
R_00716,30,Mahdia,453.45,0.364,0.527,0.638,mobile
R_00717,43,Manouba,2340.9,0.331,0.706,0.373,whatsapp
R_00718,50,Sousse,876.13,0.375,0.393,0.174,web
R_00719,21,Monastir,750.27,0.584,0.361,0.82,branch
R_00720,27,Sousse,845.95,0.57,0.741,0.686,branch
R_00721,42,Ben Arous,1152.51,0.533,0.702,0.1,branch
R_00722,53,Tunis,2668.37,0.715,0.782,0.445,mobile
R_00723,18,Tunis,1652.38,0.474,0.402,0.725,branch
R_00724,32,Tunis,1688.81,0.519,0.448,0.378,branch
R_00725,28,Ben Arous,1210.29,0.669,0.407,0.716,mobile
R_00726,60,Tunis,983.62,0.236,0.661,0.1,web
R_00727,28,Ben Arous,1091.35,0.686,0.736,0.812,mobile
R_00728,24,Manouba,827.64,0.284,0.278,0.657,web
R_00729,46,Tunis,1193.48,0.392,0.204,0.201,branch
R_00730,52,Tunis,2052.37,0.436,0.395,0.1,branch
R_00731,44,Manouba,1174.57,0.891,0.295,0.497,mobile
R_00732,32,Tunis,1100.34,0.351,0.622,0.15,mobile
R_00733,44,Sousse,523.14,0.287,0.621,0.384,whatsapp
R_00734,18,Tunis,921.78,0.449,0.878,0.542,branch
R_00735,35,Mahdia,1414.97,0.815,0.958,0.628,web
R_00736,30,Mahdia,1181.3,0.483,0.719,0.605,whatsapp
R_00737,58,Nabeul,929.39,0.785,0.51,0.337,branch
R_00738,31,Tunis,904.49,0.27,0.385,0.409,mobile
R_00739,18,Manouba,598.87,0.805,0.356,1.0,web
R_00740,53,Tunis,904.37,0.494,0.69,0.1,mobile
R_00741,30,Bizerte,547.01,0.589,0.632,0.983,branch
R_00742,33,Sfax,601.62,0.138,0.987,0.859,branch
R_00743,54,Mahdia,586.83,0.314,0.695,0.1,branch
R_00744,38,Tunis,1087.15,0.744,0.496,0.1,mobile
R_00745,22,Sousse,709.7,0.786,0.191,0.672,mobile
R_00746,48,Monastir,400.0,0.606,0.919,0.267,mobile
R_00747,50,Sousse,1384.33,0.326,0.796,0.174,mobile
R_00748,29,Sfax,686.94,0.356,0.378,0.434,branch
R_00749,50,Tunis,1509.4,0.515,0.355,0.111,branch
R_00750,40,Sfax,890.35,0.644,0.571,0.414,mobile
R_00751,57,Ariana,977.63,0.793,0.416,0.272,branch
R_00752,34,Tunis,1591.73,0.309,0.385,0.737,branch
R_00753,26,Tunis,1273.0,0.204,0.211,0.473,whatsapp
R_00754,41,Tunis,1269.22,0.187,0.434,0.311,branch
R_00755,45,Kairouan,826.31,0.733,0.098,0.308,branch
R_00756,41,Ariana,821.55,0.746,0.674,0.542,mobile
R_00757,45,Tunis,2317.18,0.924,0.875,0.377,branch
R_00758,33,Nabeul,1357.68,0.409,0.82,0.315,mobile
R_00759,37,Tunis,1027.14,0.668,0.62,0.388,branch
R_00760,26,Tunis,1557.73,0.612,0.391,0.868,mobile
R_00761,26,Manouba,639.21,0.296,0.266,0.444,mobile
R_00762,38,Gafsa,1895.83,0.562,0.57,0.227,web
R_00763,37,Tunis,672.44,0.316,0.668,0.19,branch
R_00764,24,Mahdia,687.96,0.852,0.925,0.542,mobile
R_00765,35,Tunis,1356.14,0.532,0.13,0.636,branch
R_00766,43,Monastir,459.5,0.557,0.784,0.39,branch
R_00767,41,Bizerte,623.67,0.184,0.632,0.365,branch
R_00768,46,Sfax,2397.11,0.806,0.838,0.199,mobile
R_00769,42,Manouba,1050.17,0.895,0.769,0.343,web
R_00770,44,Monastir,1429.43,0.741,0.435,0.524,mobile
R_00771,33,Tunis,2391.17,0.805,0.396,0.507,mobile
R_00772,48,Tunis,750.15,0.496,0.19,0.108,mobile
R_00773,48,Sfax,735.45,0.476,0.858,0.652,mobile
R_00774,32,Bizerte,1630.08,0.077,0.714,0.686,web
R_00775,33,Tunis,1408.05,0.13,0.742,0.608,branch
R_00776,52,Manouba,400.0,0.375,0.662,0.1,branch
R_00777,28,Ariana,1726.14,0.425,0.313,0.621,whatsapp
R_00778,39,Ariana,1958.47,0.952,0.752,0.21,branch
R_00779,35,Kairouan,985.59,0.074,0.466,0.658,mobile
R_00780,42,Tunis,879.69,0.08,0.523,0.39,branch
R_00781,49,Tunis,838.87,0.937,0.656,0.424,mobile
R_00782,55,Tunis,806.93,0.654,0.739,0.359,branch
R_00783,43,Tunis,1516.6,0.257,0.755,0.1,mobile
R_00784,36,Tunis,1330.24,0.642,0.486,0.143,branch
R_00785,56,Tunis,1427.48,0.581,0.41,0.288,web
R_00786,51,Bizerte,400.0,0.276,0.714,0.264,whatsapp
R_00787,36,Nabeul,1075.74,0.39,0.434,0.482,branch
R_00788,39,Bizerte,1105.39,0.355,0.755,0.1,mobile
R_00789,40,Sfax,924.91,0.836,0.495,0.374,branch
R_00790,40,Sfax,1025.07,0.465,0.882,0.442,mobile
R_00791,37,Tunis,563.95,0.576,0.874,0.208,branch
R_00792,39,Bizerte,1073.14,0.991,0.919,0.31,mobile
R_00793,34,Sfax,400.0,0.58,0.882,0.926,branch
R_00794,50,Monastir,1232.34,0.351,0.33,0.105,mobile
R_00795,45,Sfax,1648.34,0.597,0.455,0.581,branch
R_00796,42,Gafsa,654.01,0.645,0.296,0.276,web
R_00797,53,Ben Arous,688.2,0.739,0.224,0.346,mobile
R_00798,24,Sfax,1563.12,0.387,0.425,0.668,web
R_00799,19,Ariana,1128.39,0.234,0.58,0.535,whatsapp
R_00800,37,Sousse,897.33,0.653,0.638,0.411,web
R_00801,29,Bizerte,1375.05,0.28,0.6,0.165,web
R_00802,29,Bizerte,795.49,0.424,0.848,0.303,mobile
R_00803,40,Monastir,1145.04,0.485,0.43,0.215,whatsapp
R_00804,43,Ben Arous,1856.75,0.563,0.313,0.223,mobile
R_00805,39,Gafsa,445.44,0.387,0.587,0.629,mobile
R_00806,40,Sousse,700.78,0.25,0.517,0.57,branch
R_00807,39,Ariana,2058.21,0.475,0.92,0.682,branch
R_00808,38,Tunis,3379.12,0.469,0.527,0.374,branch
R_00809,53,Sousse,798.96,0.468,0.733,0.371,mobile
R_00810,44,Sfax,669.29,0.851,0.937,0.358,mobile
R_00811,41,Ariana,1114.82,0.309,0.494,0.848,mobile
R_00812,38,Tunis,1216.22,0.932,0.562,0.415,web
R_00813,18,Tunis,1053.3,0.793,0.493,0.572,mobile
R_00814,31,Monastir,801.94,0.687,0.478,0.367,branch
R_00815,18,Sfax,780.48,0.451,0.624,0.577,branch
R_00816,34,Tunis,976.2,0.755,0.742,0.756,mobile
R_00817,33,Ariana,1568.48,0.524,0.566,0.854,branch
R_00818,23,Tunis,1397.9,0.371,0.611,0.567,whatsapp
R_00819,38,Tunis,1216.45,0.421,0.241,0.613,mobile
R_00820,35,Sfax,622.54,0.345,0.803,0.397,branch
R_00821,36,Tunis,1468.29,0.811,0.942,0.184,mobile
R_00822,26,Ariana,2914.75,0.584,0.484,0.643,mobile
R_00823,26,Sousse,526.09,0.393,0.785,0.449,mobile
R_00824,39,Nabeul,711.63,0.053,0.484,0.25,mobile
R_00825,29,Nabeul,985.59,0.589,0.482,0.605,whatsapp
R_00826,41,Kairouan,1163.2,0.672,0.87,0.16,web
R_00827,35,Ariana,1270.27,0.88,0.568,0.45,web
R_00828,36,Nabeul,711.83,0.311,0.65,0.467,mobile
R_00829,60,Nabeul,726.76,0.782,0.822,0.487,branch
R_00830,31,Ariana,1282.43,0.904,0.275,0.651,mobile
R_00831,51,Tunis,648.16,0.147,0.627,0.121,branch
R_00832,42,Sfax,736.04,0.722,0.692,0.627,mobile
R_00833,34,Nabeul,1067.65,0.183,0.372,0.1,branch
R_00834,18,Sousse,542.64,0.489,0.423,1.0,web
R_00835,36,Tunis,1911.23,0.396,0.904,0.815,mobile
R_00836,20,Bizerte,543.45,0.589,0.839,0.834,branch
R_00837,24,Gafsa,1717.21,0.49,0.797,0.765,whatsapp
R_00838,43,Bizerte,812.81,0.584,0.882,0.515,branch
R_00839,34,Tunis,1433.62,0.501,0.59,0.764,mobile
R_00840,31,Tunis,956.77,0.407,0.697,0.863,mobile
R_00841,41,Mahdia,1024.22,0.575,0.515,0.221,mobile
R_00842,32,Tunis,601.87,0.597,0.528,0.1,mobile
R_00843,32,Ariana,1683.18,0.451,0.665,0.119,branch
R_00844,26,Gafsa,1491.64,0.474,0.335,0.863,web
R_00845,22,Sfax,1500.54,0.691,0.527,0.636,web
R_00846,47,Manouba,499.17,0.843,0.522,0.28,web
R_00847,54,Monastir,1247.56,0.159,0.598,0.135,web
R_00848,22,Tunis,2105.68,0.404,0.404,0.324,mobile
R_00849,60,Sfax,616.01,0.489,0.655,0.38,mobile
R_00850,24,Tunis,790.46,0.044,0.549,0.625,branch
R_00851,26,Sousse,699.33,0.364,0.42,0.65,mobile
R_00852,34,Sfax,634.69,0.549,0.937,0.481,web
R_00853,44,Sousse,903.04,0.087,0.329,0.332,mobile
R_00854,23,Ariana,1578.09,0.598,0.89,0.629,whatsapp
R_00855,19,Ariana,996.76,0.836,0.681,0.902,web
R_00856,34,Bizerte,1299.04,0.348,0.716,0.383,whatsapp
R_00857,44,Sousse,779.99,0.529,0.731,0.239,mobile
R_00858,46,Sousse,646.74,0.763,0.698,0.379,mobile
R_00859,47,Sousse,515.37,0.124,0.58,0.561,web
R_00860,33,Tunis,423.56,0.561,0.452,0.56,web
R_00861,29,Ariana,1295.11,0.544,0.471,0.636,whatsapp
R_00862,26,Tunis,1176.55,0.491,0.698,0.732,web
R_00863,37,Ariana,1170.74,0.621,0.66,0.396,mobile
R_00864,18,Sousse,541.22,0.184,0.68,0.725,whatsapp
R_00865,35,Tunis,2620.19,0.384,0.281,0.67,web
R_00866,34,Ariana,2380.89,0.161,0.573,0.336,branch
R_00867,32,Sfax,1514.78,0.326,0.54,0.484,whatsapp
R_00868,50,Ariana,2888.08,0.168,0.555,0.456,mobile
R_00869,34,Nabeul,2060.39,0.495,0.289,0.657,mobile
R_00870,42,Sfax,470.8,0.834,0.537,0.124,web
R_00871,33,Ariana,1055.61,0.659,0.8,0.78,web
R_00872,50,Kairouan,1345.54,0.328,0.911,0.376,mobile
R_00873,44,Sousse,1870.58,0.2,0.592,0.464,mobile
R_00874,36,Sfax,677.01,0.286,0.71,0.274,web
R_00875,33,Tunis,765.66,0.79,0.845,0.436,mobile
R_00876,37,Kairouan,723.83,0.321,0.551,0.498,whatsapp
R_00877,32,Nabeul,483.82,0.223,0.714,0.581,mobile
R_00878,18,Nabeul,851.61,0.769,0.793,0.727,whatsapp
R_00879,38,Kairouan,774.2,0.353,0.776,0.31,branch
R_00880,47,Tunis,1726.27,0.291,0.423,0.1,mobile
R_00881,32,Monastir,1461.24,0.515,0.772,0.452,branch
R_00882,32,Nabeul,1148.6,0.397,0.598,0.443,mobile
R_00883,18,Ariana,3032.24,0.456,0.526,0.842,mobile
R_00884,41,Sfax,1041.32,0.637,0.203,0.46,web
R_00885,24,Mahdia,876.1,0.353,0.535,0.637,whatsapp
R_00886,40,Mahdia,700.64,0.64,0.752,0.388,branch
R_00887,62,Nabeul,716.6,0.913,0.533,0.63,branch
R_00888,50,Bizerte,673.56,0.643,0.188,0.572,mobile
R_00889,29,Monastir,1814.97,0.615,0.629,0.608,web
R_00890,30,Sousse,795.62,0.413,0.813,0.639,whatsapp
R_00891,34,Tunis,2926.77,0.65,0.969,0.341,mobile
R_00892,47,Tunis,1150.92,0.77,0.476,0.38,mobile
R_00893,47,Tunis,1292.26,0.711,0.87,0.444,mobile
R_00894,49,Tunis,2323.66,0.429,0.757,0.444,web
R_00895,46,Ariana,1010.44,0.445,0.677,0.244,mobile
R_00896,32,Mahdia,999.91,0.758,0.693,0.825,web
R_00897,45,Manouba,707.46,0.853,0.452,0.296,mobile
R_00898,36,Sfax,877.32,0.237,0.471,0.292,branch
R_00899,46,Sousse,455.94,0.568,0.438,0.332,branch
R_00900,46,Tunis,924.15,0.532,0.86,0.577,branch
R_00901,45,Sfax,400.0,0.497,0.477,0.486,branch
R_00902,55,Gafsa,1018.47,0.361,0.366,0.1,mobile
R_00903,44,Sfax,1167.87,0.626,0.678,0.1,mobile
R_00904,55,Kairouan,1040.99,0.266,0.559,0.174,branch
R_00905,26,Kairouan,1083.06,0.2,0.813,0.584,mobile
R_00906,31,Tunis,1086.39,0.314,0.519,0.1,web
R_00907,19,Sfax,687.82,0.352,0.456,1.0,branch
R_00908,66,Sfax,547.33,0.567,0.498,0.14,mobile
R_00909,55,Nabeul,1031.12,0.866,0.588,0.295,mobile
R_00910,53,Sfax,728.5,0.558,0.764,0.357,branch
R_00911,41,Bizerte,691.87,0.517,0.696,0.304,branch
R_00912,47,Ariana,725.64,0.259,0.57,0.192,mobile
R_00913,44,Mahdia,1523.19,0.301,0.649,0.706,branch
R_00914,32,Sfax,1033.29,0.742,0.858,0.18,branch
R_00915,33,Bizerte,484.25,0.775,0.727,0.763,branch
R_00916,49,Sfax,1439.81,0.572,0.458,0.536,mobile
R_00917,33,Sfax,611.89,0.421,0.618,0.169,branch
R_00918,54,Sfax,656.08,0.947,0.817,0.286,web
R_00919,29,Tunis,685.34,0.565,0.669,0.69,branch
R_00920,35,Tunis,961.4,0.464,0.482,0.74,mobile
R_00921,38,Tunis,2260.53,0.641,0.754,0.703,branch
R_00922,45,Tunis,1159.55,0.687,0.706,0.27,whatsapp
R_00923,66,Tunis,1090.84,0.532,0.848,0.278,mobile
R_00924,32,Tunis,1470.2,0.465,0.35,0.76,mobile
R_00925,18,Ariana,400.0,0.665,0.491,0.946,web
R_00926,41,Tunis,1160.08,0.282,0.404,0.463,mobile
R_00927,34,Tunis,1172.56,0.431,0.956,0.101,branch
R_00928,28,Sfax,1068.02,0.604,0.309,0.128,mobile
R_00929,38,Sousse,699.56,0.356,0.758,0.628,web
R_00930,50,Sfax,1448.52,0.824,0.772,0.226,mobile
R_00931,44,Sousse,703.74,0.493,0.709,0.276,whatsapp
R_00932,35,Manouba,593.49,0.241,0.899,0.345,branch
R_00933,24,Sfax,984.16,0.171,0.632,1.0,whatsapp
R_00934,33,Mahdia,793.17,0.889,0.706,0.221,mobile
R_00935,43,Sousse,730.05,0.592,0.686,0.592,mobile
R_00936,52,Ariana,1237.99,0.227,0.799,0.107,whatsapp
R_00937,56,Ariana,2489.65,0.411,0.679,0.285,web
R_00938,37,Manouba,1156.06,0.618,0.549,0.583,branch
R_00939,47,Ariana,1353.85,0.19,0.442,0.239,whatsapp
R_00940,39,Sousse,1391.29,0.751,0.64,0.762,web
R_00941,41,Gafsa,892.07,0.504,0.835,0.29,mobile
R_00942,50,Sfax,1586.88,0.479,0.252,0.347,web
R_00943,45,Sfax,438.26,0.127,0.847,0.211,branch
R_00944,48,Kairouan,700.85,0.292,0.801,0.594,branch
R_00945,28,Ben Arous,611.15,0.272,0.709,0.458,mobile
R_00946,31,Kairouan,941.15,0.756,0.607,0.6,mobile
R_00947,59,Ariana,1059.7,0.498,0.725,0.1,branch
R_00948,53,Sfax,633.63,0.553,0.609,0.104,branch
R_00949,60,Sousse,1575.26,0.314,0.78,0.273,mobile
R_00950,26,Ben Arous,1912.8,0.699,0.527,0.744,mobile
R_00951,38,Gafsa,1015.74,0.62,0.25,0.543,mobile
R_00952,41,Tunis,2317.84,0.862,0.358,0.356,whatsapp
R_00953,24,Tunis,3241.94,0.768,0.251,1.0,mobile
R_00954,28,Tunis,876.59,0.954,0.335,0.642,mobile
R_00955,41,Tunis,1601.63,0.176,0.115,0.539,branch
R_00956,39,Sousse,850.51,0.661,0.438,0.443,branch
R_00957,46,Tunis,539.86,0.324,0.639,0.216,mobile
R_00958,46,Tunis,3659.89,0.162,0.438,0.344,mobile
R_00959,33,Tunis,1273.49,0.43,0.393,0.639,mobile
R_00960,33,Gafsa,1230.62,0.347,0.64,0.366,branch
R_00961,49,Tunis,1280.24,0.172,0.434,0.475,web
R_00962,18,Ben Arous,1038.26,0.425,0.325,0.579,mobile
R_00963,37,Sfax,719.52,0.559,0.705,0.674,whatsapp
R_00964,43,Monastir,794.14,0.548,0.675,0.394,web
R_00965,34,Ariana,922.72,0.701,0.82,0.587,mobile
R_00966,46,Nabeul,400.0,0.291,0.734,0.35,branch
R_00967,24,Nabeul,725.08,0.522,0.262,0.553,mobile
R_00968,34,Sfax,1328.4,0.478,0.201,0.756,branch
R_00969,52,Gafsa,798.6,0.358,0.41,0.612,branch
R_00970,28,Tunis,820.62,0.527,0.135,0.538,branch
R_00971,18,Sfax,814.48,0.341,0.542,0.767,mobile
R_00972,47,Bizerte,847.55,0.356,0.903,0.359,branch
R_00973,41,Sfax,1615.95,0.137,0.412,0.193,mobile
R_00974,42,Sfax,2638.09,0.202,0.519,0.382,branch
R_00975,46,Gafsa,681.01,0.202,0.828,0.602,branch
R_00976,41,Tunis,1271.34,0.86,0.556,0.433,mobile
R_00977,29,Monastir,1244.32,0.556,0.437,1.0,mobile
R_00978,43,Bizerte,558.6,0.669,0.693,0.849,branch
R_00979,57,Manouba,1318.48,0.543,0.581,0.126,branch
R_00980,51,Kairouan,932.04,0.4,0.745,0.204,web
R_00981,29,Ariana,1443.62,0.867,0.586,0.935,mobile
R_00982,34,Tunis,1347.2,0.523,0.735,0.702,whatsapp
R_00983,22,Tunis,964.78,0.066,0.477,0.745,whatsapp
R_00984,56,Tunis,1221.65,0.358,0.282,0.152,web
R_00985,27,Tunis,2012.07,0.287,0.617,0.935,branch
R_00986,42,Ariana,1685.7,0.809,0.75,0.309,branch
R_00987,38,Kairouan,1259.26,0.422,0.592,0.997,mobile
R_00988,56,Gafsa,825.2,0.505,0.556,0.288,mobile
R_00989,18,Kairouan,911.64,0.053,0.492,0.685,whatsapp
R_00990,25,Tunis,400.0,0.599,0.749,0.716,branch
R_00991,49,Tunis,1070.56,0.578,0.962,0.229,web
R_00992,61,Tunis,1315.28,0.613,0.718,0.206,mobile
R_00993,18,Sfax,805.21,0.456,0.513,0.587,branch
R_00994,33,Mahdia,460.83,0.538,0.837,0.763,mobile
R_00995,39,Nabeul,892.84,0.611,0.783,0.256,mobile
R_00996,28,Ben Arous,1613.42,0.397,0.159,0.675,branch
R_00997,52,Tunis,4255.9,0.347,0.605,0.173,branch
R_00998,36,Manouba,460.91,0.283,0.744,0.575,branch
R_00999,55,Ariana,960.83,0.648,0.567,0.17,branch
R_01000,21,Mahdia,681.18,0.234,0.173,0.742,whatsapp
