client_id,company_name,business_sector,company_size,annual_revenue,digital_maturity_score,headquarters_governorate
CTGAN_C_000001,CTGAN_Company_000001,retail,medium,3036925.496051277,0.3666297710531494,Sfax
CTGAN_C_000002,CTGAN_Company_000002,services,medium,9052814.482582243,0.4002931944139875,Sfax
CTGAN_C_000003,CTGAN_Company_000003,manufacturing,small,336374.9086193731,0.23459279321348064,Tunis
CTGAN_C_000004,CTGAN_Company_000004,services,medium,2791737.278568342,0.5498574501768058,Tunis
CTGAN_C_000005,CTGAN_Company_000005,manufacturing,medium,4565418.212222803,0.2557726563976398,Sousse
CTGAN_C_000006,CTGAN_Company_000006,services,medium,6146512.129168195,0.5008637021036068,Sousse
CTGAN_C_000007,CTGAN_Company_000007,retail,medium,9904051.352758627,0.295121994672433,Sousse
CTGAN_C_000008,CTGAN_Company_000008,manufacturing,large,11572930.283137787,0.7406299621340681,Sfax
CTGAN_C_000009,CTGAN_Company_000009,services,medium,6473888.400027431,0.4822481114577385,Sfax
CTGAN_C_000010,CTGAN_Company_000010,services,micro,19325.778872761875,0.5706229010325216,Sfax
CTGAN_C_000011,CTGAN_Company_000011,services,medium,9044137.375748098,0.5909086021074406,Sfax
CTGAN_C_000012,CTGAN_Company_000012,manufacturing,medium,2470144.8976271334,0.5614179131947482,Sousse
CTGAN_C_000013,CTGAN_Company_000013,retail,medium,8432974.651407616,0.1456152667690404,Sfax
CTGAN_C_000014,CTGAN_Company_000014,retail,medium,6517205.366348017,0.44436973561233073,Sfax
CTGAN_C_000015,CTGAN_Company_000015,services,medium,4341345.196426221,0.5840667545222914,Sousse
CTGAN_C_000016,CTGAN_Company_000016,services,medium,1815598.8951684595,0.0,Sfax
CTGAN_C_000017,CTGAN_Company_000017,manufacturing,medium,9274299.987569842,0.3718447241819969,Sfax
CTGAN_C_000018,CTGAN_Company_000018,manufacturing,medium,5855865.9403801225,0.6305903118422473,Tunis
CTGAN_C_000019,CTGAN_Company_000019,services,medium,9907911.667024437,0.7638927661487797,Sfax
CTGAN_C_000020,CTGAN_Company_000020,manufacturing,small,797108.0986506492,0.8783068246570799,Sousse
CTGAN_C_000021,CTGAN_Company_000021,retail,medium,7200271.7655498665,0.41592873079063564,Tunis
CTGAN_C_000022,CTGAN_Company_000022,manufacturing,medium,9424781.476530142,0.8486396840347172,Sfax
CTGAN_C_000023,CTGAN_Company_000023,manufacturing,small,242393.87875150144,0.5049477069557929,Sfax
CTGAN_C_000024,CTGAN_Company_000024,services,medium,6471709.652510116,0.7804416075605354,Sfax
CTGAN_C_000025,CTGAN_Company_000025,services,medium,9153094.824363407,0.3322330990917276,Sousse
CTGAN_C_000026,CTGAN_Company_000026,retail,medium,8325713.480057588,0.5157096013292005,Sousse
CTGAN_C_000027,CTGAN_Company_000027,services,medium,1129915.6933410126,0.5792054605542171,Tunis
CTGAN_C_000028,CTGAN_Company_000028,manufacturing,medium,5378686.5954063,0.5572281151255515,Sfax
CTGAN_C_000029,CTGAN_Company_000029,services,medium,3116751.2998444396,0.561397116145371,Sousse
CTGAN_C_000030,CTGAN_Company_000030,services,medium,5988931.12006225,0.5338438995324543,Tunis
CTGAN_C_000031,CTGAN_Company_000031,services,medium,3707590.8022507667,0.32965586897675947,Sfax
CTGAN_C_000032,CTGAN_Company_000032,services,micro,10000.0,0.23296590529219496,Sousse
CTGAN_C_000033,CTGAN_Company_000033,manufacturing,medium,3172865.4493570253,0.6947125347548715,Sousse
CTGAN_C_000034,CTGAN_Company_000034,manufacturing,medium,1303018.6563056703,0.4922941350601197,Sfax
CTGAN_C_000035,CTGAN_Company_000035,services,medium,9903076.303288007,0.046048571276659955,Tunis
CTGAN_C_000036,CTGAN_Company_000036,retail,medium,6195571.648467048,0.8499254539632937,Sousse
CTGAN_C_000037,CTGAN_Company_000037,services,medium,3574669.4858469944,0.3958288207438193,Sousse
CTGAN_C_000038,CTGAN_Company_000038,retail,medium,8502496.56136469,0.6387459418812466,Sfax
CTGAN_C_000039,CTGAN_Company_000039,services,medium,7401515.3123776745,0.299607746812222,Tunis
CTGAN_C_000040,CTGAN_Company_000040,retail,medium,4053532.440271902,0.5383804561755269,Tunis
CTGAN_C_000041,CTGAN_Company_000041,services,medium,6046543.529121993,0.9254010686841282,Sousse
CTGAN_C_000042,CTGAN_Company_000042,services,medium,6965351.432569182,0.39837156502703336,Tunis
CTGAN_C_000043,CTGAN_Company_000043,services,medium,7509418.1741370745,0.11775604344281976,Sfax
CTGAN_C_000044,CTGAN_Company_000044,manufacturing,large,10242547.805685904,0.12413114847328399,Sousse
CTGAN_C_000045,CTGAN_Company_000045,manufacturing,medium,7364933.556704663,0.7481337405439019,Sousse
CTGAN_C_000046,CTGAN_Company_000046,retail,medium,8724056.93149542,0.14581026019895782,Tunis
CTGAN_C_000047,CTGAN_Company_000047,services,medium,4426749.050904106,0.6801282709371446,Sousse
CTGAN_C_000048,CTGAN_Company_000048,services,medium,7999889.993847768,0.7218658542739941,Sousse
CTGAN_C_000049,CTGAN_Company_000049,services,micro,10000.0,0.45533902206510046,Sousse
CTGAN_C_000050,CTGAN_Company_000050,manufacturing,medium,9456795.425887335,0.18949162080725807,Sousse
CTGAN_C_000051,CTGAN_Company_000051,manufacturing,medium,5274004.6964820465,0.45497997785229116,Tunis
CTGAN_C_000052,CTGAN_Company_000052,retail,small,201553.2043331815,0.10997736698901994,Sousse
CTGAN_C_000053,CTGAN_Company_000053,services,small,383451.19203772955,0.18644952358660538,Sousse
CTGAN_C_000054,CTGAN_Company_000054,services,medium,2152273.772073884,0.32021777846296856,Sfax
CTGAN_C_000055,CTGAN_Company_000055,services,medium,5437193.971832671,0.3406083307333352,Sousse
CTGAN_C_000056,CTGAN_Company_000056,services,small,394373.5525626037,0.5901670091072966,Tunis
CTGAN_C_000057,CTGAN_Company_000057,retail,medium,4423039.457372405,0.07726160897420858,Tunis
CTGAN_C_000058,CTGAN_Company_000058,services,medium,5494926.772250579,0.7456403601155946,Sousse
CTGAN_C_000059,CTGAN_Company_000059,retail,medium,8365668.782277586,0.5576906455887971,Sousse
CTGAN_C_000060,CTGAN_Company_000060,manufacturing,medium,4325956.689368158,0.4053791731873623,Tunis
CTGAN_C_000061,CTGAN_Company_000061,services,medium,2771341.174067492,0.5700310181259557,Sousse
CTGAN_C_000062,CTGAN_Company_000062,manufacturing,medium,4884846.98503014,0.0,Sfax
CTGAN_C_000063,CTGAN_Company_000063,retail,medium,3208520.3393369205,0.0,Sfax
CTGAN_C_000064,CTGAN_Company_000064,services,medium,2894251.6094516926,0.12157577228328542,Tunis
CTGAN_C_000065,CTGAN_Company_000065,retail,medium,7679932.285602344,0.4373786072233731,Sousse
CTGAN_C_000066,CTGAN_Company_000066,retail,medium,3257732.327866083,0.4412940171975134,Tunis
CTGAN_C_000067,CTGAN_Company_000067,manufacturing,medium,8810213.675648594,0.6377828778733177,Sousse
CTGAN_C_000068,CTGAN_Company_000068,services,micro,10000.0,0.45717955457803533,Sousse
CTGAN_C_000069,CTGAN_Company_000069,services,medium,7337743.388979193,0.2382749826937658,Sfax
CTGAN_C_000070,CTGAN_Company_000070,manufacturing,medium,6804680.650175743,0.7005912259685202,Sousse
CTGAN_C_000071,CTGAN_Company_000071,manufacturing,medium,7274613.520734377,0.7980933974643123,Sfax
CTGAN_C_000072,CTGAN_Company_000072,retail,medium,2986249.6010910133,0.6770641622894076,Sfax
CTGAN_C_000073,CTGAN_Company_000073,retail,medium,8154201.176128344,0.6158545445979666,Sousse
CTGAN_C_000074,CTGAN_Company_000074,retail,medium,8867189.355668185,0.5849042908366209,Sousse
CTGAN_C_000075,CTGAN_Company_000075,services,medium,5893146.101490633,0.19741952896470838,Sousse
CTGAN_C_000076,CTGAN_Company_000076,services,medium,4167766.675301646,0.5717956245639062,Tunis
CTGAN_C_000077,CTGAN_Company_000077,services,medium,9206996.987720625,0.5363365165789623,Sousse
CTGAN_C_000078,CTGAN_Company_000078,services,medium,4743421.188791267,0.1829303823835432,Sfax
CTGAN_C_000079,CTGAN_Company_000079,manufacturing,medium,7163539.394960863,0.328872299271409,Tunis
CTGAN_C_000080,CTGAN_Company_000080,manufacturing,medium,2031097.8100797297,0.5462545232699958,Tunis
CTGAN_C_000081,CTGAN_Company_000081,retail,medium,5397932.959413335,0.05954347831290702,Tunis
CTGAN_C_000082,CTGAN_Company_000082,services,medium,4103542.0038080206,0.28967066193829605,Sousse
CTGAN_C_000083,CTGAN_Company_000083,services,medium,3082443.611416054,0.2554502636290138,Sfax
CTGAN_C_000084,CTGAN_Company_000084,services,large,10544994.926904391,0.9785482017192149,Sousse
CTGAN_C_000085,CTGAN_Company_000085,services,medium,1459529.8311876804,0.8719907972447674,Sfax
CTGAN_C_000086,CTGAN_Company_000086,manufacturing,large,10156581.608753245,0.3087286166945702,Sousse
CTGAN_C_000087,CTGAN_Company_000087,services,medium,5698745.272176023,0.8446655751364958,Sfax
CTGAN_C_000088,CTGAN_Company_000088,retail,medium,2043945.2433627467,0.8552404777790861,Sousse
CTGAN_C_000089,CTGAN_Company_000089,retail,medium,7173986.580356484,0.5944209775792945,Sfax
CTGAN_C_000090,CTGAN_Company_000090,services,medium,1059762.038125094,0.31749920194081466,Tunis
CTGAN_C_000091,CTGAN_Company_000091,services,medium,7255914.656218801,0.011748664123991781,Sfax
CTGAN_C_000092,CTGAN_Company_000092,retail,medium,1335998.4320385805,0.0764597756558778,Sousse
CTGAN_C_000093,CTGAN_Company_000093,services,medium,7397256.968801256,0.16596491909939765,Sousse
CTGAN_C_000094,CTGAN_Company_000094,services,medium,6569569.878631043,0.645160610909675,Sfax
CTGAN_C_000095,CTGAN_Company_000095,services,large,11442464.25577971,0.13992024217599203,Sfax
CTGAN_C_000096,CTGAN_Company_000096,manufacturing,medium,4804859.381301338,0.8666466110119556,Tunis
CTGAN_C_000097,CTGAN_Company_000097,services,micro,58732.949678861536,1.0,Sousse
CTGAN_C_000098,CTGAN_Company_000098,services,medium,6459629.517756064,0.3833895732146022,Sousse
CTGAN_C_000099,CTGAN_Company_000099,retail,medium,7972731.507470669,0.7475534437307028,Sfax
CTGAN_C_000100,CTGAN_Company_000100,services,medium,2601010.6199269276,0.7478492606469735,Sousse
CTGAN_C_000101,CTGAN_Company_000101,services,medium,1584094.0109421122,0.5973220423706821,Sfax
CTGAN_C_000102,CTGAN_Company_000102,services,medium,7419461.726313778,0.785671367110937,Sfax
CTGAN_C_000103,CTGAN_Company_000103,retail,large,11284788.785476398,0.6182668597338106,Tunis
CTGAN_C_000104,CTGAN_Company_000104,services,medium,3037342.0950535983,0.6243609206780765,Sousse
CTGAN_C_000105,CTGAN_Company_000105,services,medium,9020003.280719258,0.8248386144484181,Sousse
CTGAN_C_000106,CTGAN_Company_000106,services,large,10905514.063386265,0.27562793048327694,Sfax
CTGAN_C_000107,CTGAN_Company_000107,retail,medium,1335454.639077336,0.08993850586288304,Sfax
CTGAN_C_000108,CTGAN_Company_000108,retail,medium,9041161.959188584,0.7288038693399506,Tunis
CTGAN_C_000109,CTGAN_Company_000109,services,medium,4786392.427129483,0.19002776196046672,Sfax
CTGAN_C_000110,CTGAN_Company_000110,services,medium,8839663.945244987,0.20266035866580812,Sousse
CTGAN_C_000111,CTGAN_Company_000111,retail,medium,7074013.467164187,0.6126171964728191,Tunis
CTGAN_C_000112,CTGAN_Company_000112,services,medium,9308247.242947143,0.5038726104983853,Sfax
CTGAN_C_000113,CTGAN_Company_000113,services,large,10405062.418173544,0.645885399715642,Tunis
CTGAN_C_000114,CTGAN_Company_000114,services,medium,8135214.055629645,0.8196847269970717,Sfax
CTGAN_C_000115,CTGAN_Company_000115,retail,medium,6369281.179970821,0.37488059168936827,Sfax
CTGAN_C_000116,CTGAN_Company_000116,services,medium,6762987.419359486,0.5735151153935767,Tunis
CTGAN_C_000117,CTGAN_Company_000117,services,medium,4357150.250596448,0.0,Sousse
CTGAN_C_000118,CTGAN_Company_000118,services,small,911686.7360911425,0.2293798871525311,Sousse
CTGAN_C_000119,CTGAN_Company_000119,manufacturing,medium,1728441.93050667,0.40314254044760867,Tunis
CTGAN_C_000120,CTGAN_Company_000120,manufacturing,medium,4788118.338162299,0.7903842638131032,Sfax
CTGAN_C_000121,CTGAN_Company_000121,services,medium,1887783.9663589504,0.15667794849379257,Sfax
CTGAN_C_000122,CTGAN_Company_000122,retail,medium,9447321.177705003,0.37720250228203833,Sousse
CTGAN_C_000123,CTGAN_Company_000123,services,medium,5466443.735357629,0.7584283435819394,Sousse
CTGAN_C_000124,CTGAN_Company_000124,services,medium,6887024.303367002,0.2465353600959691,Sfax
CTGAN_C_000125,CTGAN_Company_000125,manufacturing,medium,7584192.083621034,0.7372470677937802,Sousse
CTGAN_C_000126,CTGAN_Company_000126,services,large,11757748.12328916,0.43309564897347813,Sfax
CTGAN_C_000127,CTGAN_Company_000127,retail,medium,2974782.72035266,0.8874812836902762,Sfax
CTGAN_C_000128,CTGAN_Company_000128,retail,micro,10000.0,0.20916335324192759,Sfax
CTGAN_C_000129,CTGAN_Company_000129,manufacturing,medium,4916461.927372384,0.3912070134815495,Sfax
CTGAN_C_000130,CTGAN_Company_000130,services,medium,6462668.036611734,0.23648011719207085,Sfax
CTGAN_C_000131,CTGAN_Company_000131,manufacturing,medium,8630939.33483201,0.7416895769997549,Sfax
CTGAN_C_000132,CTGAN_Company_000132,services,medium,2428876.990655913,0.2531269459608485,Sousse
CTGAN_C_000133,CTGAN_Company_000133,services,medium,7922706.4316973705,0.7602776808517452,Tunis
CTGAN_C_000134,CTGAN_Company_000134,services,medium,2919304.488079981,0.6744671587644971,Tunis
CTGAN_C_000135,CTGAN_Company_000135,retail,small,962558.6536594606,0.39642091357325215,Sousse
CTGAN_C_000136,CTGAN_Company_000136,services,medium,7055956.855057624,0.5056192541611733,Sfax
CTGAN_C_000137,CTGAN_Company_000137,retail,medium,7040298.783307199,0.6511792688442982,Tunis
CTGAN_C_000138,CTGAN_Company_000138,retail,medium,9186731.531440165,0.9677319795568848,Tunis
CTGAN_C_000139,CTGAN_Company_000139,services,micro,10000.0,0.08375821270420786,Sfax
CTGAN_C_000140,CTGAN_Company_000140,retail,medium,7209126.408739111,0.0,Sfax
CTGAN_C_000141,CTGAN_Company_000141,manufacturing,medium,7043214.695513092,0.6613175945369818,Sfax
CTGAN_C_000142,CTGAN_Company_000142,services,medium,3911786.7449266063,0.1441384184850767,Sousse
CTGAN_C_000143,CTGAN_Company_000143,services,small,277881.14621229377,0.24023003693216105,Tunis
CTGAN_C_000144,CTGAN_Company_000144,retail,medium,4584839.100906984,0.1469066715806414,Tunis
CTGAN_C_000145,CTGAN_Company_000145,manufacturing,medium,6546600.794366962,0.5766903940808552,Sousse
CTGAN_C_000146,CTGAN_Company_000146,retail,micro,10000.0,0.19020982845164103,Sfax
CTGAN_C_000147,CTGAN_Company_000147,services,small,452084.7293232111,0.6235669058982711,Sousse
CTGAN_C_000148,CTGAN_Company_000148,services,medium,1303568.2099280609,0.23183323675226697,Sfax
CTGAN_C_000149,CTGAN_Company_000149,services,medium,4772475.14405046,0.31634560201815703,Sfax
CTGAN_C_000150,CTGAN_Company_000150,retail,medium,6487489.500487482,0.4459084985893016,Sousse
CTGAN_C_000151,CTGAN_Company_000151,services,medium,3328887.019150854,0.9676485397587226,Tunis
CTGAN_C_000152,CTGAN_Company_000152,services,small,259798.95643711742,0.5867978345945175,Tunis
CTGAN_C_000153,CTGAN_Company_000153,services,medium,8936229.0033931,0.78274505866718,Sousse
CTGAN_C_000154,CTGAN_Company_000154,services,medium,1755427.7127586538,0.7294936051282218,Tunis
CTGAN_C_000155,CTGAN_Company_000155,retail,medium,3566791.902804387,0.3232293103727025,Sfax
CTGAN_C_000156,CTGAN_Company_000156,manufacturing,medium,4729097.987678045,0.054371958427329614,Tunis
CTGAN_C_000157,CTGAN_Company_000157,retail,medium,4732967.560003039,0.1464457136484093,Sfax
CTGAN_C_000158,CTGAN_Company_000158,manufacturing,medium,5421882.23156671,0.6378337829892174,Sfax
CTGAN_C_000159,CTGAN_Company_000159,manufacturing,medium,9523015.454121992,0.41261721492427517,Sfax
CTGAN_C_000160,CTGAN_Company_000160,retail,medium,2860674.125419297,0.8350990237741441,Tunis
CTGAN_C_000161,CTGAN_Company_000161,services,small,590502.4128090404,0.6634713791380025,Sfax
CTGAN_C_000162,CTGAN_Company_000162,retail,medium,4174387.7754958924,0.34517820854113657,Tunis
CTGAN_C_000163,CTGAN_Company_000163,manufacturing,medium,6876796.579001069,0.23195259306588684,Sousse
CTGAN_C_000164,CTGAN_Company_000164,services,medium,6808961.200586593,0.6200335916034356,Tunis
CTGAN_C_000165,CTGAN_Company_000165,services,medium,3143646.5143142515,0.7193869450465025,Sousse
CTGAN_C_000166,CTGAN_Company_000166,retail,medium,1273105.2896895693,0.5096772598893704,Sousse
CTGAN_C_000167,CTGAN_Company_000167,services,micro,10000.0,0.779788259411607,Sousse
CTGAN_C_000168,CTGAN_Company_000168,manufacturing,medium,7645956.613328793,0.6377415093656578,Tunis
CTGAN_C_000169,CTGAN_Company_000169,services,medium,3689596.310793342,0.7016055421446252,Sfax
CTGAN_C_000170,CTGAN_Company_000170,services,medium,4755167.463605813,0.9167649665496616,Sfax
CTGAN_C_000171,CTGAN_Company_000171,services,medium,6913797.108728145,0.9023171371800143,Sousse
CTGAN_C_000172,CTGAN_Company_000172,manufacturing,medium,7682678.692437403,0.37218066118700255,Tunis
CTGAN_C_000173,CTGAN_Company_000173,manufacturing,medium,6599140.7990320595,0.48678761842039786,Tunis
CTGAN_C_000174,CTGAN_Company_000174,manufacturing,medium,3043521.0204284736,0.3195856089461647,Tunis
CTGAN_C_000175,CTGAN_Company_000175,services,medium,7233824.291872272,0.8550839181498378,Tunis
CTGAN_C_000176,CTGAN_Company_000176,services,medium,9447182.214787984,0.7279597657738455,Tunis
CTGAN_C_000177,CTGAN_Company_000177,manufacturing,medium,8502045.98145324,0.9272059919041558,Sfax
CTGAN_C_000178,CTGAN_Company_000178,services,medium,2472759.1534431274,0.6470324520175821,Tunis
CTGAN_C_000179,CTGAN_Company_000179,manufacturing,medium,5724650.907562153,0.0395851563725349,Sfax
CTGAN_C_000180,CTGAN_Company_000180,retail,medium,2715995.7860374735,0.46281174190283936,Sfax
CTGAN_C_000181,CTGAN_Company_000181,retail,medium,4286782.104749104,0.6558961829029157,Sousse
CTGAN_C_000182,CTGAN_Company_000182,retail,medium,3921646.0272399113,0.9050482836719802,Tunis
CTGAN_C_000183,CTGAN_Company_000183,services,medium,8299419.890899287,0.38824353546945367,Sfax
CTGAN_C_000184,CTGAN_Company_000184,manufacturing,medium,1875206.5197521173,0.037519351675806556,Sousse
CTGAN_C_000185,CTGAN_Company_000185,retail,medium,4175551.032499183,0.7127212343089167,Sfax
CTGAN_C_000186,CTGAN_Company_000186,retail,medium,1778565.1366707068,0.6182618616483884,Sfax
CTGAN_C_000187,CTGAN_Company_000187,services,medium,5783209.955898061,0.8568994975868744,Tunis
CTGAN_C_000188,CTGAN_Company_000188,manufacturing,medium,3614171.0494091595,0.2099392691374271,Tunis
CTGAN_C_000189,CTGAN_Company_000189,services,medium,7509490.299524164,0.5068029950026243,Tunis
CTGAN_C_000190,CTGAN_Company_000190,services,medium,5983546.307027791,0.3894174676330171,Sousse
CTGAN_C_000191,CTGAN_Company_000191,services,medium,3905165.1763573233,0.6611105808128647,Sousse
CTGAN_C_000192,CTGAN_Company_000192,services,medium,2070390.7474407996,0.68209387181029,Sousse
CTGAN_C_000193,CTGAN_Company_000193,services,medium,6918764.922340749,0.7749556380149707,Sfax
CTGAN_C_000194,CTGAN_Company_000194,services,micro,10000.0,0.4066232140222131,Sfax
CTGAN_C_000195,CTGAN_Company_000195,services,medium,1676594.8368830117,0.13525826517781053,Sousse
CTGAN_C_000196,CTGAN_Company_000196,manufacturing,medium,5797020.812694715,0.92315902055134,Sfax
CTGAN_C_000197,CTGAN_Company_000197,services,medium,5226617.921951263,1.0,Sousse
CTGAN_C_000198,CTGAN_Company_000198,services,medium,4163456.515822587,0.7685988911509084,Sousse
CTGAN_C_000199,CTGAN_Company_000199,services,medium,4949900.404279506,0.294919221476713,Sfax
CTGAN_C_000200,CTGAN_Company_000200,manufacturing,medium,9790775.58401152,0.8578730864357795,Sfax
CTGAN_C_000201,CTGAN_Company_000201,manufacturing,medium,3449851.6462609265,0.2056471442026392,Tunis
CTGAN_C_000202,CTGAN_Company_000202,services,medium,2008571.3066281579,0.6519949530642233,Sousse
CTGAN_C_000203,CTGAN_Company_000203,manufacturing,medium,5145385.280575646,0.8437878756357375,Sousse
CTGAN_C_000204,CTGAN_Company_000204,retail,medium,8125530.103589153,0.7271036153274284,Sousse
CTGAN_C_000205,CTGAN_Company_000205,services,medium,6527095.19132033,0.7983805898033112,Tunis
CTGAN_C_000206,CTGAN_Company_000206,services,micro,10000.0,0.05532553802938939,Tunis
CTGAN_C_000207,CTGAN_Company_000207,services,medium,6680134.396600867,0.6438653429583028,Tunis
CTGAN_C_000208,CTGAN_Company_000208,services,medium,1080815.620881421,0.7500231662779291,Tunis
CTGAN_C_000209,CTGAN_Company_000209,services,medium,6949108.462332493,0.9402894684905396,Sousse
CTGAN_C_000210,CTGAN_Company_000210,services,medium,4561136.494717494,0.6689946786529687,Sousse
CTGAN_C_000211,CTGAN_Company_000211,manufacturing,medium,1608955.343838573,0.8324057552144335,Tunis
CTGAN_C_000212,CTGAN_Company_000212,manufacturing,medium,5530897.380484935,0.14152739472871906,Sfax
CTGAN_C_000213,CTGAN_Company_000213,retail,medium,7817447.112464977,0.1874214224038222,Sfax
CTGAN_C_000214,CTGAN_Company_000214,manufacturing,small,152470.69766680896,0.21259517406312883,Sousse
CTGAN_C_000215,CTGAN_Company_000215,manufacturing,medium,3001819.9189306432,0.2735721069446583,Sousse
CTGAN_C_000216,CTGAN_Company_000216,retail,medium,4402691.805303534,0.5885318222480137,Sfax
CTGAN_C_000217,CTGAN_Company_000217,services,medium,4257915.92223174,0.17144203762672272,Sousse
CTGAN_C_000218,CTGAN_Company_000218,retail,medium,9308642.483933898,0.6776530895175509,Sousse
CTGAN_C_000219,CTGAN_Company_000219,manufacturing,micro,10000.0,0.5229549482002186,Sfax
CTGAN_C_000220,CTGAN_Company_000220,services,medium,8737777.363064654,0.32540782635555066,Sfax
CTGAN_C_000221,CTGAN_Company_000221,manufacturing,medium,5935696.573830118,0.08885142656900002,Sfax
CTGAN_C_000222,CTGAN_Company_000222,services,medium,4116403.6088216137,0.8477545953379029,Sousse
CTGAN_C_000223,CTGAN_Company_000223,manufacturing,medium,4738990.53880712,0.270858625397483,Tunis
CTGAN_C_000224,CTGAN_Company_000224,manufacturing,medium,8405972.75127276,0.38755114539093133,Sfax
CTGAN_C_000225,CTGAN_Company_000225,manufacturing,medium,7332912.723063013,0.6154928226948491,Sousse
CTGAN_C_000226,CTGAN_Company_000226,retail,medium,7982911.380797347,0.8336510485384339,Sfax
CTGAN_C_000227,CTGAN_Company_000227,services,medium,6587914.089491908,0.8960556403741027,Sousse
CTGAN_C_000228,CTGAN_Company_000228,services,medium,5486941.243691018,0.4381134183585995,Sousse
CTGAN_C_000229,CTGAN_Company_000229,services,medium,6541268.9064820865,0.7462674413330369,Sfax
CTGAN_C_000230,CTGAN_Company_000230,manufacturing,medium,5768009.8897587685,0.7707537094091301,Sousse
CTGAN_C_000231,CTGAN_Company_000231,manufacturing,medium,9869468.478660543,0.4657992082826521,Tunis
CTGAN_C_000232,CTGAN_Company_000232,retail,medium,4796452.268927839,0.910344660145815,Tunis
CTGAN_C_000233,CTGAN_Company_000233,services,small,313081.36592131667,0.15215976553331562,Sfax
CTGAN_C_000234,CTGAN_Company_000234,services,medium,3718868.5444297045,0.4825635233163269,Sfax
CTGAN_C_000235,CTGAN_Company_000235,services,medium,4970747.5180176785,0.5002516184102691,Sfax
CTGAN_C_000236,CTGAN_Company_000236,services,medium,8838791.018824413,0.2661830814681557,Tunis
CTGAN_C_000237,CTGAN_Company_000237,manufacturing,small,329956.1409046417,0.18231985686512298,Sousse
CTGAN_C_000238,CTGAN_Company_000238,manufacturing,micro,10000.0,0.3189873771825149,Sousse
CTGAN_C_000239,CTGAN_Company_000239,services,medium,2007118.7199631878,0.49336971787306766,Sousse
CTGAN_C_000240,CTGAN_Company_000240,retail,medium,6523530.343460213,0.42306818646381933,Sfax
CTGAN_C_000241,CTGAN_Company_000241,services,medium,6893359.956371389,0.6758366590775976,Sfax
CTGAN_C_000242,CTGAN_Company_000242,retail,medium,7977275.563370101,0.09851260663308059,Tunis
CTGAN_C_000243,CTGAN_Company_000243,services,medium,5573913.435413458,0.2998284624899825,Sfax
CTGAN_C_000244,CTGAN_Company_000244,retail,medium,2439542.602632336,0.18393038639903853,Sfax
CTGAN_C_000245,CTGAN_Company_000245,retail,medium,3982211.9272068646,0.2860268674632174,Sousse
CTGAN_C_000246,CTGAN_Company_000246,services,medium,9674022.593632376,0.21804677459550525,Tunis
CTGAN_C_000247,CTGAN_Company_000247,services,medium,7823518.284530219,0.7115407894827767,Sousse
CTGAN_C_000248,CTGAN_Company_000248,services,medium,3825251.7258232217,0.591040212821915,Sfax
CTGAN_C_000249,CTGAN_Company_000249,retail,medium,7090890.708452506,0.00868211102344163,Sousse
CTGAN_C_000250,CTGAN_Company_000250,services,micro,10000.0,0.7144397537498921,Tunis
CTGAN_C_000251,CTGAN_Company_000251,services,medium,1146815.3802105458,0.7414036649271865,Tunis
CTGAN_C_000252,CTGAN_Company_000252,services,medium,4025496.14697903,0.053763048776252265,Tunis
CTGAN_C_000253,CTGAN_Company_000253,manufacturing,medium,8173502.380108295,0.14165517533949729,Sfax
CTGAN_C_000254,CTGAN_Company_000254,retail,medium,5597444.395262723,0.09457544599515622,Tunis
CTGAN_C_000255,CTGAN_Company_000255,services,small,234287.3236252144,0.5846568939106866,Tunis
CTGAN_C_000256,CTGAN_Company_000256,services,medium,1897753.1471785344,0.349586198057945,Tunis
CTGAN_C_000257,CTGAN_Company_000257,retail,medium,2006127.6949548703,1.0,Tunis
CTGAN_C_000258,CTGAN_Company_000258,retail,medium,5781611.672438579,0.892861614715257,Sousse
CTGAN_C_000259,CTGAN_Company_000259,services,medium,6286711.12343251,0.45655526695348136,Sfax
CTGAN_C_000260,CTGAN_Company_000260,services,small,677785.6195082329,0.7675218992207884,Tunis
CTGAN_C_000261,CTGAN_Company_000261,retail,medium,2271542.60877575,0.3564842143277479,Sousse
CTGAN_C_000262,CTGAN_Company_000262,services,medium,3623942.537946791,0.905522088886062,Tunis
CTGAN_C_000263,CTGAN_Company_000263,services,medium,4987688.818895139,0.05557852112552236,Sfax
CTGAN_C_000264,CTGAN_Company_000264,manufacturing,small,509270.7694619484,0.06979708255000477,Tunis
CTGAN_C_000265,CTGAN_Company_000265,retail,medium,2768048.909017961,0.20960162548601424,Sfax
CTGAN_C_000266,CTGAN_Company_000266,manufacturing,medium,5314360.1993082315,0.6025394955886634,Tunis
CTGAN_C_000267,CTGAN_Company_000267,services,small,829062.8636655593,0.7315067002665799,Sfax
CTGAN_C_000268,CTGAN_Company_000268,retail,medium,7600236.108080376,0.2855760177797848,Sfax
CTGAN_C_000269,CTGAN_Company_000269,services,medium,5662226.153445649,0.5663352517005451,Tunis
CTGAN_C_000270,CTGAN_Company_000270,services,medium,6786539.114828824,0.8747405827762234,Tunis
CTGAN_C_000271,CTGAN_Company_000271,manufacturing,medium,3368165.024486157,0.6189045224460547,Sousse
CTGAN_C_000272,CTGAN_Company_000272,services,medium,5179058.668920704,0.4996099887594647,Tunis
CTGAN_C_000273,CTGAN_Company_000273,services,medium,3323303.092804159,0.3876955204146467,Sousse
CTGAN_C_000274,CTGAN_Company_000274,services,medium,4004700.7185512967,1.0,Sousse
CTGAN_C_000275,CTGAN_Company_000275,services,small,698588.4671126753,0.15228718302783695,Sousse
CTGAN_C_000276,CTGAN_Company_000276,manufacturing,medium,6519668.966853842,0.6022060684947135,Sfax
CTGAN_C_000277,CTGAN_Company_000277,retail,medium,6937276.200271617,0.642269088447381,Tunis
CTGAN_C_000278,CTGAN_Company_000278,services,medium,3251292.7874768195,0.19115463879609834,Tunis
CTGAN_C_000279,CTGAN_Company_000279,services,medium,5762661.580041088,0.10341892456048263,Sfax
CTGAN_C_000280,CTGAN_Company_000280,manufacturing,medium,4336556.853812249,0.8967059394418495,Sousse
CTGAN_C_000281,CTGAN_Company_000281,retail,medium,8088156.373414805,0.2150864511558906,Sousse
CTGAN_C_000282,CTGAN_Company_000282,services,medium,6921300.738898032,0.6278347560958937,Sousse
CTGAN_C_000283,CTGAN_Company_000283,services,medium,6566261.532628525,0.8186929495175376,Tunis
CTGAN_C_000284,CTGAN_Company_000284,manufacturing,medium,5809763.976951585,0.3113260235912967,Sfax
CTGAN_C_000285,CTGAN_Company_000285,services,medium,6528051.157902261,0.3290360261221368,Sfax
CTGAN_C_000286,CTGAN_Company_000286,services,small,128915.58820868097,0.1588330071664495,Sousse
CTGAN_C_000287,CTGAN_Company_000287,retail,medium,2038122.9811236653,0.013251892804014176,Sousse
CTGAN_C_000288,CTGAN_Company_000288,retail,medium,1300989.5769574689,0.5648441678031015,Sfax
CTGAN_C_000289,CTGAN_Company_000289,retail,medium,5060783.313246764,0.4436640225384004,Tunis
CTGAN_C_000290,CTGAN_Company_000290,services,medium,5008983.521488676,0.5114812370333051,Sfax
CTGAN_C_000291,CTGAN_Company_000291,retail,medium,5851452.293411503,0.6891775702730975,Sfax
CTGAN_C_000292,CTGAN_Company_000292,retail,medium,2008632.0068607111,0.8677802714338525,Tunis
CTGAN_C_000293,CTGAN_Company_000293,services,medium,3842735.9730078606,0.756336844091945,Sfax
CTGAN_C_000294,CTGAN_Company_000294,services,micro,10000.0,0.7702327648603203,Tunis
CTGAN_C_000295,CTGAN_Company_000295,services,medium,4392265.675933919,0.415738176456958,Sousse
CTGAN_C_000296,CTGAN_Company_000296,retail,medium,9060776.302037813,0.7829534308825383,Sfax
CTGAN_C_000297,CTGAN_Company_000297,retail,medium,4434639.369006546,0.054655406977410614,Tunis
CTGAN_C_000298,CTGAN_Company_000298,retail,large,10655996.070018854,0.7752414255505271,Tunis
CTGAN_C_000299,CTGAN_Company_000299,retail,medium,9508225.769406825,0.47539049754519935,Tunis
CTGAN_C_000300,CTGAN_Company_000300,services,medium,3267873.680121243,0.12790347248642053,Sousse
CTGAN_C_000301,CTGAN_Company_000301,services,medium,7108183.42775327,0.9906621493632909,Sousse
CTGAN_C_000302,CTGAN_Company_000302,services,micro,10000.0,0.0981105098460805,Tunis
CTGAN_C_000303,CTGAN_Company_000303,services,medium,8480499.52778163,0.7662357224713054,Sfax
CTGAN_C_000304,CTGAN_Company_000304,manufacturing,medium,4380878.897776227,0.7146012533472904,Sousse
CTGAN_C_000305,CTGAN_Company_000305,services,medium,4514928.788561779,0.21044365577397606,Tunis
CTGAN_C_000306,CTGAN_Company_000306,services,medium,8506752.392274167,0.7335756668598368,Sousse
CTGAN_C_000307,CTGAN_Company_000307,services,medium,1226342.2898003468,0.9138533161122384,Sousse
CTGAN_C_000308,CTGAN_Company_000308,manufacturing,medium,6019747.721264347,0.8541520492000139,Tunis
CTGAN_C_000309,CTGAN_Company_000309,manufacturing,micro,10000.0,0.45429081894096324,Sfax
CTGAN_C_000310,CTGAN_Company_000310,retail,small,515791.73106190935,0.5659513470380122,Tunis
CTGAN_C_000311,CTGAN_Company_000311,services,micro,10000.0,0.2955660495429097,Sfax
CTGAN_C_000312,CTGAN_Company_000312,retail,small,377216.66773397196,0.38020817213370117,Sousse
CTGAN_C_000313,CTGAN_Company_000313,retail,micro,10000.0,0.8115733252401407,Sousse
CTGAN_C_000314,CTGAN_Company_000314,retail,medium,2144600.138266896,0.4649408257043671,Tunis
CTGAN_C_000315,CTGAN_Company_000315,retail,medium,5583198.446330395,0.7199725678925892,Sfax
CTGAN_C_000316,CTGAN_Company_000316,retail,medium,5703434.959276091,0.24168656886155526,Sfax
CTGAN_C_000317,CTGAN_Company_000317,services,medium,5788046.89398778,0.8821982575841472,Sousse
CTGAN_C_000318,CTGAN_Company_000318,retail,medium,6042935.216339386,0.2358047300322746,Sousse
CTGAN_C_000319,CTGAN_Company_000319,retail,medium,7047204.211705526,0.6500905828887342,Tunis
CTGAN_C_000320,CTGAN_Company_000320,manufacturing,medium,6164724.457934697,0.5627719217351905,Sfax
CTGAN_C_000321,CTGAN_Company_000321,services,medium,5372882.269698638,0.7416652798286781,Sousse
CTGAN_C_000322,CTGAN_Company_000322,retail,medium,5312264.420209273,0.3212965038134679,Sfax
CTGAN_C_000323,CTGAN_Company_000323,manufacturing,medium,3304132.7524097925,0.8259646449027018,Sfax
CTGAN_C_000324,CTGAN_Company_000324,manufacturing,medium,4225690.491442048,0.7472507399176584,Tunis
CTGAN_C_000325,CTGAN_Company_000325,services,medium,9748807.523589361,0.06423998766711303,Sfax
CTGAN_C_000326,CTGAN_Company_000326,manufacturing,medium,7635204.14771073,0.6657954390445464,Sousse
CTGAN_C_000327,CTGAN_Company_000327,manufacturing,medium,6971750.592410278,0.7510814652025206,Tunis
CTGAN_C_000328,CTGAN_Company_000328,services,medium,7719974.218380736,0.5833277352870658,Sousse
CTGAN_C_000329,CTGAN_Company_000329,services,large,10426975.736652961,0.18028965571737687,Sousse
CTGAN_C_000330,CTGAN_Company_000330,services,medium,6032962.213034946,0.23543592192811935,Sfax
CTGAN_C_000331,CTGAN_Company_000331,services,medium,8383731.344609366,0.8507544221311849,Tunis
CTGAN_C_000332,CTGAN_Company_000332,retail,medium,5798867.319189506,0.8949261062785429,Tunis
CTGAN_C_000333,CTGAN_Company_000333,manufacturing,medium,4438417.5555774495,0.8645060397879276,Sfax
CTGAN_C_000334,CTGAN_Company_000334,retail,medium,7395610.070624156,0.27499322596110515,Sfax
CTGAN_C_000335,CTGAN_Company_000335,services,micro,10000.0,0.0,Sfax
CTGAN_C_000336,CTGAN_Company_000336,retail,medium,4907440.88302365,0.21166011339016744,Sfax
CTGAN_C_000337,CTGAN_Company_000337,retail,medium,9103609.836941643,0.7547100171018057,Sousse
CTGAN_C_000338,CTGAN_Company_000338,retail,micro,53446.14001053199,0.40332382623883073,Sousse
CTGAN_C_000339,CTGAN_Company_000339,manufacturing,medium,6829331.191762697,0.8715100179580033,Sfax
CTGAN_C_000340,CTGAN_Company_000340,manufacturing,medium,4252908.7507657055,0.7052063555000636,Sfax
CTGAN_C_000341,CTGAN_Company_000341,services,medium,4571948.296172703,0.5227000790535534,Sousse
CTGAN_C_000342,CTGAN_Company_000342,retail,medium,5837969.531840377,0.1509007688476366,Tunis
CTGAN_C_000343,CTGAN_Company_000343,services,medium,6182936.957325081,0.580067887666048,Sfax
CTGAN_C_000344,CTGAN_Company_000344,manufacturing,medium,9378823.16521735,0.08968926286419543,Sfax
CTGAN_C_000345,CTGAN_Company_000345,services,medium,2315178.8841968626,0.7048222252372206,Tunis
CTGAN_C_000346,CTGAN_Company_000346,services,medium,1513310.68042095,0.28571784645074916,Sfax
CTGAN_C_000347,CTGAN_Company_000347,manufacturing,medium,4091468.8967903536,0.6131065773068887,Tunis
CTGAN_C_000348,CTGAN_Company_000348,services,micro,10000.0,0.2784440105288193,Sfax
CTGAN_C_000349,CTGAN_Company_000349,retail,medium,4019157.0720328856,0.5767031467794799,Sfax
CTGAN_C_000350,CTGAN_Company_000350,retail,medium,3964941.635302455,0.29262931050417607,Sousse
CTGAN_C_000351,CTGAN_Company_000351,manufacturing,medium,9060170.071064476,0.42049899370024846,Tunis
CTGAN_C_000352,CTGAN_Company_000352,services,medium,4885764.386488088,0.07081792943864212,Sousse
CTGAN_C_000353,CTGAN_Company_000353,services,medium,3516046.387467015,0.820256067523478,Tunis
CTGAN_C_000354,CTGAN_Company_000354,retail,medium,5103464.450752173,0.6500957138136361,Sfax
CTGAN_C_000355,CTGAN_Company_000355,retail,medium,7204645.929904183,1.0,Sousse
CTGAN_C_000356,CTGAN_Company_000356,manufacturing,medium,1832768.6494311932,0.1300641049936198,Tunis
CTGAN_C_000357,CTGAN_Company_000357,retail,medium,7759500.258288106,0.2364800173351002,Tunis
CTGAN_C_000358,CTGAN_Company_000358,manufacturing,small,936736.4795446945,0.8518408705717634,Sfax
CTGAN_C_000359,CTGAN_Company_000359,services,medium,6650504.599885847,0.5132194748345428,Tunis
CTGAN_C_000360,CTGAN_Company_000360,services,medium,5532587.501219637,0.11991344421533318,Sousse
CTGAN_C_000361,CTGAN_Company_000361,manufacturing,medium,6430696.594793359,0.8785876805269537,Sousse
CTGAN_C_000362,CTGAN_Company_000362,services,micro,10000.0,0.13387668044382595,Sfax
CTGAN_C_000363,CTGAN_Company_000363,retail,medium,1996977.44894196,0.3561194833383139,Sfax
CTGAN_C_000364,CTGAN_Company_000364,services,medium,8407675.571790665,0.9484314326680687,Sfax
CTGAN_C_000365,CTGAN_Company_000365,manufacturing,medium,3422975.189647508,0.8009584244226626,Sousse
CTGAN_C_000366,CTGAN_Company_000366,services,medium,4072719.410196187,0.6955950704429362,Tunis
CTGAN_C_000367,CTGAN_Company_000367,retail,small,322331.34588325024,0.6248210600306883,Tunis
CTGAN_C_000368,CTGAN_Company_000368,retail,micro,10000.0,0.5937600845630446,Tunis
CTGAN_C_000369,CTGAN_Company_000369,services,medium,6633675.865268584,0.0,Sfax
CTGAN_C_000370,CTGAN_Company_000370,services,medium,8072772.055462199,0.7020359171513253,Tunis
CTGAN_C_000371,CTGAN_Company_000371,services,medium,9402820.087796953,0.7263843891746724,Tunis
CTGAN_C_000372,CTGAN_Company_000372,retail,medium,7176343.374111229,0.502406347053308,Tunis
CTGAN_C_000373,CTGAN_Company_000373,retail,medium,1914967.8596254434,0.5639299332942027,Sousse
CTGAN_C_000374,CTGAN_Company_000374,services,medium,4936387.782259159,1.0,Sousse
CTGAN_C_000375,CTGAN_Company_000375,retail,medium,8175576.034568697,1.0,Sousse
CTGAN_C_000376,CTGAN_Company_000376,retail,medium,7816873.94291072,0.7546947862252158,Tunis
CTGAN_C_000377,CTGAN_Company_000377,services,medium,9276996.513418902,0.808066131545802,Sfax
CTGAN_C_000378,CTGAN_Company_000378,manufacturing,medium,8264079.018170761,0.3697510366956973,Sousse
CTGAN_C_000379,CTGAN_Company_000379,services,medium,3609953.1444866303,0.28233388889115124,Sousse
CTGAN_C_000380,CTGAN_Company_000380,retail,medium,8985741.994519774,0.6810174984139971,Sfax
CTGAN_C_000381,CTGAN_Company_000381,services,medium,8024603.5095663015,0.5856093173665479,Sousse
CTGAN_C_000382,CTGAN_Company_000382,services,small,731292.7757201167,0.06929438440405011,Sousse
CTGAN_C_000383,CTGAN_Company_000383,services,medium,7681703.694771752,0.9409662856394139,Sousse
CTGAN_C_000384,CTGAN_Company_000384,services,medium,4280405.985492258,0.0542696141103422,Sfax
CTGAN_C_000385,CTGAN_Company_000385,services,medium,7881307.762381575,0.7420819972763756,Tunis
CTGAN_C_000386,CTGAN_Company_000386,services,medium,1809004.2717101048,0.3924398839525496,Sfax
CTGAN_C_000387,CTGAN_Company_000387,retail,medium,5624210.874305837,0.4853571578025981,Sfax
CTGAN_C_000388,CTGAN_Company_000388,retail,medium,4765471.5553474445,0.8836653617049288,Sousse
CTGAN_C_000389,CTGAN_Company_000389,services,medium,9082425.548992142,0.14444951833811526,Sousse
CTGAN_C_000390,CTGAN_Company_000390,retail,medium,8119139.545561284,0.256659467997975,Sfax
CTGAN_C_000391,CTGAN_Company_000391,retail,micro,10000.0,0.20465757977952764,Tunis
CTGAN_C_000392,CTGAN_Company_000392,services,medium,8513286.234198827,0.6842423179247217,Sfax
CTGAN_C_000393,CTGAN_Company_000393,services,medium,4342388.763182107,0.10850562048846463,Sousse
CTGAN_C_000394,CTGAN_Company_000394,services,medium,7357564.603260018,0.5185929622781802,Sfax
CTGAN_C_000395,CTGAN_Company_000395,services,medium,2074412.5491770227,0.4281259420261321,Sfax
CTGAN_C_000396,CTGAN_Company_000396,manufacturing,medium,4437983.265300889,0.23577734198860317,Sfax
CTGAN_C_000397,CTGAN_Company_000397,manufacturing,medium,7480901.952363515,0.18510929779427376,Tunis
CTGAN_C_000398,CTGAN_Company_000398,services,medium,3855202.628284165,0.40851395583257066,Sousse
CTGAN_C_000399,CTGAN_Company_000399,services,medium,3014135.9478843817,0.47354991991212503,Sfax
CTGAN_C_000400,CTGAN_Company_000400,services,medium,7359179.601103591,0.47635067429143346,Sfax
CTGAN_C_000401,CTGAN_Company_000401,services,medium,5392478.562931138,0.0,Sfax
CTGAN_C_000402,CTGAN_Company_000402,services,medium,4286931.99474782,0.15609777949444348,Sousse
CTGAN_C_000403,CTGAN_Company_000403,services,medium,5358380.376764786,0.11709108679750085,Sfax
CTGAN_C_000404,CTGAN_Company_000404,services,micro,10000.0,0.0,Sfax
CTGAN_C_000405,CTGAN_Company_000405,manufacturing,medium,2864108.3513198285,0.3593360250129623,Sfax
CTGAN_C_000406,CTGAN_Company_000406,services,medium,4101162.999917942,0.318610117547482,Sousse
CTGAN_C_000407,CTGAN_Company_000407,retail,medium,3283897.973025707,0.3131112733206155,Sfax
CTGAN_C_000408,CTGAN_Company_000408,services,medium,4621249.800668479,0.2106015659561647,Tunis
CTGAN_C_000409,CTGAN_Company_000409,retail,large,10291802.863271896,0.24409501913613413,Sousse
CTGAN_C_000410,CTGAN_Company_000410,retail,medium,2710960.780862697,1.0,Sfax
CTGAN_C_000411,CTGAN_Company_000411,manufacturing,micro,10000.0,0.3716371896243592,Sfax
CTGAN_C_000412,CTGAN_Company_000412,retail,micro,10000.0,0.4564795844476517,Sousse
CTGAN_C_000413,CTGAN_Company_000413,retail,micro,10000.0,0.30578892506677324,Tunis
CTGAN_C_000414,CTGAN_Company_000414,manufacturing,medium,2969741.526312954,0.2502233474290048,Sousse
CTGAN_C_000415,CTGAN_Company_000415,retail,medium,2756562.110120855,0.6315852629399754,Sfax
CTGAN_C_000416,CTGAN_Company_000416,manufacturing,micro,10000.0,0.598760976219308,Sfax
CTGAN_C_000417,CTGAN_Company_000417,services,medium,9637518.588693582,0.28915667995466043,Tunis
CTGAN_C_000418,CTGAN_Company_000418,services,medium,4733886.276195338,0.4423632947169054,Sousse
CTGAN_C_000419,CTGAN_Company_000419,services,medium,4024064.766945435,0.35782428579567044,Sousse
CTGAN_C_000420,CTGAN_Company_000420,manufacturing,medium,1892695.3653920144,0.8563466113700569,Tunis
CTGAN_C_000421,CTGAN_Company_000421,services,small,848495.739868464,0.30244626744243647,Sousse
CTGAN_C_000422,CTGAN_Company_000422,services,medium,6497158.548650167,0.32413128434623706,Sousse
CTGAN_C_000423,CTGAN_Company_000423,manufacturing,medium,3175511.87444696,0.0865142469377303,Sfax
CTGAN_C_000424,CTGAN_Company_000424,retail,medium,6591887.176164541,0.7482164746323284,Sousse
CTGAN_C_000425,CTGAN_Company_000425,services,medium,7591332.667922366,0.601264984000684,Tunis
CTGAN_C_000426,CTGAN_Company_000426,services,medium,6654179.717726372,0.5154780420922204,Tunis
CTGAN_C_000427,CTGAN_Company_000427,services,medium,5691064.690112038,0.764403029573178,Sfax
CTGAN_C_000428,CTGAN_Company_000428,services,medium,5019237.38941996,0.3282710513733509,Sousse
CTGAN_C_000429,CTGAN_Company_000429,manufacturing,medium,7196493.4359984705,0.0,Sousse
CTGAN_C_000430,CTGAN_Company_000430,retail,medium,6639813.4815676315,0.5291840404755602,Tunis
CTGAN_C_000431,CTGAN_Company_000431,manufacturing,medium,4489208.833744333,0.18850799333494578,Sousse
CTGAN_C_000432,CTGAN_Company_000432,services,medium,7220788.675151538,0.6702291642399285,Sfax
CTGAN_C_000433,CTGAN_Company_000433,retail,medium,2745905.4087964115,0.2273758122194639,Sfax
CTGAN_C_000434,CTGAN_Company_000434,services,medium,5067227.489082057,0.7383431886089715,Tunis
CTGAN_C_000435,CTGAN_Company_000435,manufacturing,medium,4119494.5487572225,0.28566333362269264,Sfax
CTGAN_C_000436,CTGAN_Company_000436,manufacturing,medium,2246712.048814689,0.15389237475277712,Tunis
CTGAN_C_000437,CTGAN_Company_000437,services,medium,5349589.315036765,0.16823210807216343,Sfax
CTGAN_C_000438,CTGAN_Company_000438,services,large,10905470.582994672,0.26252983235353994,Tunis
CTGAN_C_000439,CTGAN_Company_000439,manufacturing,medium,9481421.879868958,0.5487286799082539,Sousse
CTGAN_C_000440,CTGAN_Company_000440,services,small,492046.4123632666,0.18938074325823523,Sousse
CTGAN_C_000441,CTGAN_Company_000441,retail,medium,5447447.629850183,0.41731569418417447,Sousse
CTGAN_C_000442,CTGAN_Company_000442,manufacturing,medium,8123055.745002516,0.9235559034042305,Sousse
CTGAN_C_000443,CTGAN_Company_000443,retail,medium,1987758.7927043652,0.6587560508506733,Sousse
CTGAN_C_000444,CTGAN_Company_000444,services,medium,8995124.615340658,0.4699335501259412,Sfax
CTGAN_C_000445,CTGAN_Company_000445,manufacturing,micro,10000.0,0.20389807673883686,Tunis
CTGAN_C_000446,CTGAN_Company_000446,services,medium,6511686.943197724,0.6341970033446608,Sousse
CTGAN_C_000447,CTGAN_Company_000447,services,small,424808.64675512444,0.1997657138791475,Sfax
CTGAN_C_000448,CTGAN_Company_000448,services,medium,6361853.746456865,0.0,Sfax
CTGAN_C_000449,CTGAN_Company_000449,retail,medium,5892965.305465345,0.141613870865283,Sousse
CTGAN_C_000450,CTGAN_Company_000450,services,medium,7287611.3053301815,0.17496266760643803,Sfax
CTGAN_C_000451,CTGAN_Company_000451,manufacturing,medium,3527621.921321917,0.6514970872993878,Tunis
CTGAN_C_000452,CTGAN_Company_000452,retail,medium,9634492.261843652,0.25189584568160056,Sousse
CTGAN_C_000453,CTGAN_Company_000453,manufacturing,medium,8440181.450527748,0.7869845185772587,Sousse
CTGAN_C_000454,CTGAN_Company_000454,retail,medium,7959642.859006343,0.6248164106489,Sfax
CTGAN_C_000455,CTGAN_Company_000455,services,medium,4920892.9971840745,0.218506733958031,Tunis
CTGAN_C_000456,CTGAN_Company_000456,manufacturing,medium,6571073.071151841,0.46235479640524524,Sousse
CTGAN_C_000457,CTGAN_Company_000457,retail,small,382939.52530682925,0.5108814804877067,Sfax
CTGAN_C_000458,CTGAN_Company_000458,retail,medium,7333977.694755439,0.8176568638446857,Sousse
CTGAN_C_000459,CTGAN_Company_000459,retail,medium,6794349.638933275,0.44861362488880935,Sousse
CTGAN_C_000460,CTGAN_Company_000460,services,medium,6699366.07114289,0.07154441613368073,Sfax
CTGAN_C_000461,CTGAN_Company_000461,manufacturing,medium,4588825.993177269,0.08554864818756952,Sfax
CTGAN_C_000462,CTGAN_Company_000462,retail,medium,1885462.071274266,0.8442924580967633,Tunis
CTGAN_C_000463,CTGAN_Company_000463,retail,large,11540248.807985857,0.15584434250298929,Tunis
CTGAN_C_000464,CTGAN_Company_000464,manufacturing,medium,8504503.546938121,0.2645925414841787,Sfax
CTGAN_C_000465,CTGAN_Company_000465,retail,medium,9581049.265078887,0.14255285319381816,Sfax
CTGAN_C_000466,CTGAN_Company_000466,manufacturing,medium,2198790.7419370147,0.12691995394898525,Sfax
CTGAN_C_000467,CTGAN_Company_000467,services,medium,8127097.634681048,1.0,Sfax
CTGAN_C_000468,CTGAN_Company_000468,services,medium,3152633.3467371045,0.7516478387777576,Sousse
CTGAN_C_000469,CTGAN_Company_000469,services,medium,6561027.017854769,0.011367355742695096,Sfax
CTGAN_C_000470,CTGAN_Company_000470,services,micro,10000.0,0.732681902084507,Sousse
CTGAN_C_000471,CTGAN_Company_000471,manufacturing,medium,4098718.5846296074,0.37233947915983334,Sousse
CTGAN_C_000472,CTGAN_Company_000472,retail,medium,8032890.747846806,0.6515561344480972,Sousse
CTGAN_C_000473,CTGAN_Company_000473,manufacturing,medium,3144463.290613031,0.6716985183293968,Sousse
CTGAN_C_000474,CTGAN_Company_000474,manufacturing,medium,8355063.232497432,0.26041135764375856,Sfax
CTGAN_C_000475,CTGAN_Company_000475,retail,medium,2946771.6664943015,0.6440938434682552,Sousse
CTGAN_C_000476,CTGAN_Company_000476,services,medium,4676838.419361124,0.5356415336312444,Sfax
CTGAN_C_000477,CTGAN_Company_000477,manufacturing,medium,6221325.082613733,0.03977777139097005,Sfax
CTGAN_C_000478,CTGAN_Company_000478,services,medium,3279168.7222556737,0.7307058940683768,Sousse
CTGAN_C_000479,CTGAN_Company_000479,services,medium,8525299.693008358,0.1332576761608088,Sousse
CTGAN_C_000480,CTGAN_Company_000480,services,medium,3628755.1615554374,0.3479487817510033,Tunis
CTGAN_C_000481,CTGAN_Company_000481,manufacturing,medium,6901072.424505127,0.9153569676948619,Sousse
CTGAN_C_000482,CTGAN_Company_000482,services,medium,8785305.82939149,0.0,Sousse
CTGAN_C_000483,CTGAN_Company_000483,manufacturing,micro,51112.0285727568,0.45621399213950026,Sfax
CTGAN_C_000484,CTGAN_Company_000484,retail,medium,6808851.164518024,0.6029865502525285,Sfax
CTGAN_C_000485,CTGAN_Company_000485,services,medium,2494004.8670430006,0.6332236220574428,Tunis
CTGAN_C_000486,CTGAN_Company_000486,retail,medium,5250854.775972184,0.0,Sousse
CTGAN_C_000487,CTGAN_Company_000487,retail,medium,5760886.360951405,0.5753968530427186,Sousse
CTGAN_C_000488,CTGAN_Company_000488,services,medium,2831403.0557964006,0.3770812827281256,Sfax
CTGAN_C_000489,CTGAN_Company_000489,services,medium,7301288.648827273,0.2318452105108359,Tunis
CTGAN_C_000490,CTGAN_Company_000490,services,medium,6323384.78080028,0.28057575259883455,Sfax
CTGAN_C_000491,CTGAN_Company_000491,retail,medium,6417109.506077582,0.12702571155878684,Sousse
CTGAN_C_000492,CTGAN_Company_000492,retail,medium,1402335.0941091278,0.6125038678890626,Tunis
CTGAN_C_000493,CTGAN_Company_000493,services,medium,3108721.773406615,0.14198152607532272,Tunis
CTGAN_C_000494,CTGAN_Company_000494,services,medium,8495419.318544038,0.4109950656701411,Tunis
CTGAN_C_000495,CTGAN_Company_000495,services,medium,5701058.634153318,0.6426597107606652,Tunis
CTGAN_C_000496,CTGAN_Company_000496,services,medium,3864839.376907358,0.4492922246622858,Sfax
CTGAN_C_000497,CTGAN_Company_000497,retail,medium,1974608.0674743955,0.19548803189347486,Tunis
CTGAN_C_000498,CTGAN_Company_000498,services,medium,6581175.591253562,0.7444247169785781,Tunis
CTGAN_C_000499,CTGAN_Company_000499,services,medium,7082845.720314289,0.3611706664963781,Tunis
CTGAN_C_000500,CTGAN_Company_000500,retail,medium,5539455.9847941045,0.8685024657187322,Sousse
