agent_id,client_type,satisfaction_level,age,income,products,status,preferred_channel,governorate
1,retail,0.7691813132766068,52,4606.67,5,active,branch,Tunis
2,retail,0.6481097710486211,36,2011.63,3,active,branch,Ariana
3,retail,0.7066888703849039,49,3697.1110607739374,2,active,branch,Ariana
4,retail,0.619423270800176,52,400.0,1,active,branch,Tunis
5,retail,0.7172479349166754,30,400.0,2,active,branch,Sousse
6,retail,0.8256363186312758,39,5198.82676749121,5,active,branch,Ariana
7,retail,0.5379526704719738,34,7744.236105348237,3,active,branch,Tunis
8,retail,0.7449515497067601,68,8777.274736906244,2,active,branch,Tunis
9,retail,0.6283251996548305,44,6755.084897619097,4,active,branch,Tunis
10,retail,0.6328275879300673,18,3328.537886781116,6,active,branch,Ariana
11,retail,0.654026913077304,49,1036.47,3,active,branch,Sousse
12,retail,0.6499064339889401,50,4288.289175892702,2,active,branch,Ariana
13,retail,0.6226163762796016,37,4753.6189309719975,2,active,branch,Ariana
14,retail,0.6331476356246442,80,5631.597825284509,3,active,branch,Tunis
15,retail,0.703007127254957,27,3482.8012665057518,7,active,branch,Ariana
16,retail,0.82752787065942,29,2597.695827282193,2,active,branch,Tunis
17,retail,0.7057504105490783,22,9266.833567029818,4,active,branch,Sousse
18,retail,0.7875950837646457,65,400.0,1,active,branch,Tunis
19,retail,0.6410767108680806,80,954.49,2,active,branch,Monastir
20,retail,0.6859731367265505,69,8934.031033489846,3,active,branch,Tunis
21,retail,0.7527959378470883,23,11910.7711683466,2,active,branch,Ariana
22,retail,0.8444354875514272,42,744.25,2,active,branch,Monastir
23,retail,0.6260850307314109,79,8466.7659191539,2,active,branch,Ariana
24,retail,0.7366941939655202,50,1503.61,2,active,branch,Sousse
25,retail,0.7107710311138457,61,12178.398135079258,4,active,branch,Tunis
26,retail,0.7431276145924964,27,2351.09,1,active,branch,Sousse
27,retail,0.6448872839409129,32,10249.755866875652,4,active,branch,Tunis
28,retail,0.6515555291759216,29,1028.6903005570475,1,active,branch,Sousse
29,retail,0.842565707784115,31,10662.17350676438,5,active,branch,Tunis
30,retail,0.7214912915010522,55,1167.94,1,active,branch,Sousse
31,retail,0.5768609192267103,32,4827.790016091863,4,active,branch,Sousse
32,retail,0.669528142566793,62,10472.43562202971,3,active,branch,Tunis
33,retail,0.6335408276557243,72,2331.2328345500136,1,active,branch,Tunis
34,retail,0.6799177151268211,77,7321.361855737437,2,active,branch,Sousse
35,retail,0.6962624528607508,18,1667.94,1,active,branch,Tunis
36,retail,0.7022207989379832,43,1517.63,1,active,branch,Sfax
37,retail,0.678344977832149,40,1227.3502544839455,3,active,branch,Sousse
38,retail,0.7662775425626374,61,6366.816494416807,2,active,branch,Sfax
39,retail,0.7709598186802988,23,2005.8185885032544,2,active,branch,Sfax
40,retail,0.6213035877334155,73,1904.5849761654408,5,active,branch,Sousse
41,retail,0.5255540184911591,24,9654.592259047246,2,active,branch,Sfax
42,retail,0.784539864112459,18,1709.04,3,active,branch,Sfax
43,retail,0.6242461511353676,27,8349.177591369571,1,active,branch,Sousse
44,retail,0.7234332044279703,60,1351.67,1,active,branch,Tunis
45,retail,0.740838884522741,20,8709.870347937322,6,active,branch,Tunis
46,retail,0.7354618839300063,31,1704.73,2,active,branch,Sfax
47,retail,0.705693708019928,66,10493.570357703493,3,active,branch,Tunis
48,retail,0.7908996502312002,71,8022.256067880425,4,active,branch,Tunis
49,retail,0.7388048307881384,28,4432.193006699507,2,active,branch,Tunis
50,retail,0.6379613914137698,48,8331.417224103741,3,active,branch,Ariana
51,retail,0.6838685849702313,41,1245.36,4,active,branch,Sfax
52,retail,0.6910273763671491,73,5076.348120071072,6,active,branch,Sousse
53,retail,0.582392761041336,22,3418.739062233267,5,active,branch,Ariana
54,retail,0.9247178504376267,37,400.0,7,active,branch,Ariana
55,retail,0.6827385879939598,55,11791.073853402591,5,active,branch,Ariana
56,retail,0.7791190870817438,43,1605.47,4,active,branch,Monastir
57,retail,0.8366411337048983,71,11011.48265081335,2,active,branch,Ariana
58,retail,0.7134343091332814,44,11274.327621411448,7,active,branch,Ariana
59,retail,0.6971508903038447,72,8258.550792084781,6,active,branch,Ariana
60,retail,0.7385363217572786,69,4612.000475070163,4,active,branch,Sousse
61,retail,0.7919765296250663,25,6353.485332885644,6,active,branch,Ariana
62,retail,0.6190080513474866,23,5099.229229533567,4,active,branch,Tunis
63,retail,0.5631749253731654,52,11864.290208771048,4,active,branch,Ariana
64,retail,0.5711788264818219,22,400.0,1,active,branch,Sousse
65,retail,0.6656144635580353,31,400.0,5,active,branch,Ariana
66,retail,0.606074669066359,53,823.33,1,active,branch,Nabeul
67,retail,0.8404186518377703,44,10203.617995980949,4,active,branch,Sfax
68,retail,0.694853118931996,18,400.0,2,active,branch,Ariana
69,retail,0.6787586682103836,37,400.0,2,active,branch,Ariana
70,retail,0.7626786944018625,70,2071.9425536292783,1,active,branch,Tunis
71,retail,0.6503391643511871,75,6031.615090591501,1,active,branch,Sousse
72,retail,0.6634690728401744,26,568.0472751193684,1,active,branch,Tunis
73,retail,0.7138651061580109,42,3683.0958092404153,2,active,branch,Ariana
74,retail,0.6712987782970519,26,2054.68,1,active,branch,Tunis
75,retail,0.7465816535768467,21,1903.5787192252665,7,active,branch,Sfax
76,retail,0.6576461746891953,78,400.0,5,active,branch,Ariana
77,retail,0.7388806761863196,74,5621.3749305993615,4,active,branch,Tunis
78,retail,0.8275091562423611,75,9591.024432147658,3,active,branch,Sfax
79,retail,0.7835555005338543,42,9235.726171562104,3,active,branch,Tunis
80,retail,0.7061015432321079,41,3015.83,1,active,branch,Sousse
81,retail,0.7448056115329439,80,4839.9055607624905,3,active,branch,Ariana
82,retail,0.6417882974516788,69,6959.18665771841,2,active,branch,Sousse
83,retail,0.8039067514148609,53,1749.89,3,active,branch,Sfax
84,retail,0.6736969597732095,30,5803.862930974754,6,active,branch,Sousse
85,retail,0.7188136382579325,43,1308.77,4,active,branch,Sfax
86,retail,0.7644630102326214,62,427.9681601103475,4,active,branch,Ariana
87,retail,0.6770036759962492,47,3468.7665405315247,3,active,branch,Ariana
88,retail,0.8045535340107732,34,12510.20330843045,3,active,branch,Sousse
89,retail,0.7646888699296726,80,3859.934185387792,4,active,branch,Ariana
90,retail,0.6114490298324364,34,9383.735922896036,4,active,branch,Ariana
91,retail,0.628034607594269,38,1570.73,1,active,branch,Sfax
92,retail,0.6087744896694258,38,2156.89,5,active,branch,Tunis
93,retail,0.718611921387416,30,2061.2450467210247,3,active,branch,Sfax
94,retail,0.7332514183604296,41,1862.55,4,active,branch,Tunis
95,retail,0.5711701005866333,25,10673.255483098945,5,active,branch,Sfax
96,retail,0.6691837327140939,77,9159.285229373258,3,active,branch,Tunis
97,retail,0.7065716902157245,46,9068.20978329406,3,active,branch,Tunis
98,retail,0.8569906376182975,64,10671.84743610341,4,active,branch,Sousse
99,retail,0.7445688077844029,19,1113.6562171094429,7,active,branch,Sousse
100,retail,0.7644341195135331,65,5136.183231141476,7,active,branch,Sousse
101,retail,0.7993285127254603,70,2519.676329823192,5,active,branch,Sousse
102,retail,0.6484988266825032,57,1456.9,1,active,branch,Ariana
103,retail,0.6147794825940435,31,400.0,1,active,branch,Ariana
104,retail,0.7610509129403877,41,2531.6,4,active,branch,Sfax
105,retail,0.7403738046501221,21,4834.2272380955055,1,active,branch,Sousse
106,retail,0.7273502640937565,38,9048.659100490258,2,active,branch,Sfax
107,retail,0.7682650489671963,37,836.17,3,active,branch,Nabeul
108,retail,0.6826069414381096,37,3579.9018435649905,6,active,branch,Ariana
109,retail,0.8689968502474262,44,1386.61,2,active,branch,Sousse
110,retail,0.6536411696900138,60,400.0,1,active,branch,Tunis
111,retail,0.621701673577276,24,1362.2,2,active,branch,Tunis
112,retail,0.6656585076411682,49,1692.27,2,active,branch,Nabeul
113,retail,0.8540163606858863,26,2039.82,2,active,branch,Ariana
114,retail,0.5992329580011636,79,925.7435189011912,1,active,branch,Ariana
115,retail,0.6629549749082386,43,2147.6,7,active,branch,Tunis
116,retail,0.5519874597150245,28,10421.419138254034,3,active,branch,Sousse
117,retail,0.5619058630257062,32,2011.7327227439785,2,active,branch,Ariana
118,retail,0.59620596477245,20,9333.158121774111,7,active,branch,Tunis
119,retail,0.7377707247448733,73,2333.4013585811945,3,active,branch,Sousse
120,retail,0.7882386682919891,58,1555.1,2,active,branch,Tunis
121,retail,0.5309054160447116,35,4183.572956831576,3,active,branch,Tunis
122,retail,0.6586365685415023,37,5735.06134847738,3,active,branch,Ariana
123,retail,0.6958681054960181,46,9307.319535863608,5,active,branch,Sousse
124,retail,0.6748489359640797,45,9023.494345344268,3,active,branch,Tunis
125,retail,0.7049632512794152,42,4346.003160443017,3,active,branch,Tunis
126,retail,0.7033276179526052,41,10459.195398080396,5,active,branch,Sfax
127,retail,0.7539525019827479,52,10314.153059612434,2,active,branch,Ariana
128,retail,0.7349244639808336,61,8028.344343739021,7,active,branch,Ariana
129,retail,0.8329395587191332,62,451.5583831790066,5,active,branch,Tunis
130,retail,0.6693149056505697,63,3131.085433486769,2,active,branch,Ariana
131,retail,0.6562879941764399,46,1093.5,1,active,branch,Monastir
132,retail,0.6942094203317242,34,4273.185506684402,7,active,branch,Sousse
133,retail,0.5864018480113785,26,11073.947153413224,2,active,branch,Ariana
134,retail,0.6594501489787262,58,9256.210309087768,3,active,branch,Sfax
135,retail,0.7257403051940723,72,400.0,2,active,branch,Tunis
136,retail,0.7188716836690102,24,3764.847574637643,4,active,branch,Sfax
137,retail,0.5486860665156661,76,10262.650124301526,3,active,branch,Sousse
138,retail,0.7083384196965439,30,7870.1177266804225,2,active,branch,Sousse
139,retail,0.7392856677190954,35,1987.042856517267,1,active,branch,Sousse
140,retail,0.725898716488605,32,11868.167712087952,3,active,branch,Tunis
141,retail,0.7646909342321708,47,859.55,1,active,branch,Nabeul
142,retail,0.6298561066510204,30,4847.2011671513765,3,active,branch,Sfax
143,retail,0.8007319413564365,64,8102.663454169992,7,active,branch,Tunis
144,retail,0.660975821312443,47,10743.656589645523,5,active,branch,Sfax
145,retail,0.6621700456224615,36,2440.85,1,active,branch,Sfax
146,retail,0.7647168141824215,32,924.03,4,active,branch,Nabeul
147,retail,0.7403688395532694,40,2064.3928730454563,3,active,branch,Ariana
148,retail,0.7030287424254629,56,3191.3889080204963,6,active,branch,Sfax
149,retail,0.6591940820400546,66,10242.282632582244,3,active,branch,Sfax
150,retail,0.6977136566425028,18,8434.461017585443,4,active,branch,Ariana
151,retail,0.633699628317964,55,1212.09,1,active,branch,Monastir
152,retail,0.6430468079367095,24,11030.114764108965,4,active,branch,Ariana
153,retail,0.7912826862592625,26,852.619898029141,1,active,branch,Tunis
154,retail,0.6257019377713053,71,11908.03117780376,2,active,branch,Ariana
155,retail,0.8307853775511437,41,1734.57,1,active,branch,Tunis
156,retail,0.7838123863732497,35,6328.873793396067,2,active,branch,Sousse
157,retail,0.6258155227918409,62,1617.97,1,active,branch,Tunis
158,retail,0.6156511721490369,37,10974.238671113832,4,active,branch,Sousse
159,retail,0.6022502475237552,20,10888.877953261252,4,active,branch,Sousse
160,retail,0.7185438521163454,35,3052.078399742699,2,active,branch,Tunis
161,retail,0.6014000961437218,23,5213.68396446508,5,active,branch,Sousse
162,retail,0.6481293698450857,25,4427.631111277826,1,active,branch,Ariana
163,retail,0.717217508661458,23,1951.97,3,active,branch,Sousse
164,retail,0.8087170541314301,50,9204.249714331434,3,active,branch,Sousse
165,retail,0.7839291529086898,39,3197.992281315989,7,active,branch,Ariana
166,retail,0.7681298992342521,63,4719.950509468985,3,active,branch,Ariana
167,retail,0.5893547645134425,35,9319.431439610777,3,active,branch,Sousse
168,retail,0.6928483634473219,42,4873.234467661016,4,active,branch,Sousse
169,retail,0.708790438536934,18,1310.98,2,active,branch,Sousse
170,retail,0.6944160651776466,53,8925.406680007698,5,active,branch,Ariana
171,retail,0.5821579513777848,26,2937.4596971208884,1,active,branch,Tunis
172,retail,0.8266519756573008,24,1968.126284436441,1,active,branch,Sousse
173,retail,0.7547624849567771,43,9650.310406468308,5,active,branch,Sousse
174,retail,0.6961850709186324,67,4737.781837410468,4,active,branch,Ariana
175,retail,0.6144560851618579,24,865.4228898436322,5,active,branch,Sfax
176,retail,0.6717945598542544,27,6878.8582053262335,5,active,branch,Sousse
177,retail,0.7856153964907788,65,912.4298702505776,3,active,branch,Tunis
178,retail,0.6666693960886226,45,4709.370239306894,3,active,branch,Ariana
179,retail,0.7278996063410378,49,2360.29,3,active,branch,Monastir
180,retail,0.7209935448687654,71,9907.503119796866,2,active,branch,Ariana
181,retail,0.6272682334042402,62,740.6062021894613,1,active,branch,Ariana
182,retail,0.6309702372350229,37,955.17,3,active,branch,Nabeul
183,retail,0.6492544510723504,34,400.0,4,active,branch,Ariana
184,retail,0.6715630751126154,33,1750.64,2,active,branch,Sousse
185,retail,0.6481685230748203,29,5632.910470138059,2,active,branch,Sfax
186,retail,0.6607785003530948,62,11357.953549023609,7,active,branch,Sfax
187,retail,0.7094733773888867,52,2144.01,2,active,branch,Sfax
188,retail,0.7061156646805106,66,2682.9677290705517,3,active,branch,Ariana
189,retail,0.7896365329883298,26,400.0,2,active,branch,Nabeul
190,retail,0.7159390708128088,36,1586.18,1,active,branch,Ariana
191,retail,0.7183943555155647,61,1916.612825840672,2,active,branch,Ariana
192,retail,0.6404628032419023,53,4583.714195020134,5,active,branch,Tunis
193,retail,0.7774184218300074,18,761.32,4,active,branch,Monastir
194,retail,0.7113084207636291,32,1733.04,1,active,branch,Tunis
195,retail,0.8553347063143565,18,5411.031273768754,7,active,branch,Sousse
196,retail,0.7011057418578075,26,9765.625334982597,2,active,branch,Ariana
197,retail,0.6456398976897084,31,5835.731064526807,2,active,branch,Tunis
198,retail,0.652911936410471,69,400.0,1,active,branch,Tunis
199,retail,0.7384723768665064,34,5805.105039995262,3,active,branch,Ariana
200,retail,0.6797800691219611,39,519.29,1,active,branch,Nabeul
201,retail,0.7334345331483887,50,8603.945004256533,6,active,branch,Sousse
202,retail,0.7405628897140476,37,2186.948509829416,3,active,branch,Sousse
203,retail,0.7641623338951089,36,5908.415033338649,7,active,branch,Sfax
204,retail,0.7674903662891224,44,1123.38,5,active,branch,Nabeul
205,retail,0.6741351432754127,20,7508.524580304736,4,active,branch,Tunis
206,retail,0.6562470517519945,26,3701.3908237904834,5,active,branch,Ariana
207,retail,0.7232924862990903,27,3097.4921225805983,2,active,branch,Sousse
208,retail,0.7697826533575975,42,7880.53769583897,7,active,branch,Sousse
209,retail,0.683371088706145,23,8905.682655394154,3,active,branch,Sousse
210,retail,0.6196570910740875,61,8649.229841634642,2,active,branch,Ariana
211,retail,0.6802399485127296,70,781.12,6,active,branch,Monastir
212,retail,0.7365680398826792,18,904.8641227429862,5,active,branch,Ariana
213,retail,0.7564866625974545,49,3230.923486658168,7,active,branch,Sousse
214,retail,0.7090102404110428,28,511.59826544853854,2,active,branch,Sfax
215,retail,0.7415087815671711,42,3712.0413440463326,3,active,branch,Sfax
216,retail,0.7329334269692273,47,3692.5889868639806,4,active,branch,Tunis
217,retail,0.638291269077788,65,400.0,1,active,branch,Sfax
218,retail,0.574756155156657,65,4144.358517824274,1,active,branch,Ariana
219,retail,0.7814036377978967,52,9778.417463249552,2,active,branch,Tunis
220,retail,0.6448684187730994,48,10982.678072871382,2,active,branch,Tunis
221,retail,0.6192274758360979,37,914.01,1,active,branch,Monastir
222,retail,0.6622671538650385,38,925.37,1,active,branch,Nabeul
223,retail,0.6911149418712422,35,1542.11,2,active,branch,Monastir
224,retail,0.7162462621385995,69,6409.907213550463,3,active,branch,Sousse
225,retail,0.7158156115198004,22,657.7,6,active,branch,Tunis
226,retail,0.7068891869071532,46,1980.5,2,active,branch,Ariana
227,retail,0.770159674697443,42,4389.97326582353,1,active,branch,Ariana
228,retail,0.7076675645127669,20,5557.690930232882,1,active,branch,Tunis
229,retail,0.7646197826654579,38,820.53,3,active,branch,Nabeul
230,retail,0.6670921265767135,75,8550.92724866005,6,active,branch,Ariana
231,retail,0.6599722040584117,44,10352.561414575452,4,active,branch,Ariana
232,retail,0.5605286943164681,19,10574.41974839492,3,active,branch,Sfax
233,retail,0.7605204077276148,23,8333.81168545513,7,active,branch,Ariana
234,retail,0.7435265000993991,36,1613.01,3,active,branch,Sfax
235,retail,0.699606863641239,34,1312.86,1,active,branch,Sfax
236,retail,0.7290665834880498,22,9232.90723590202,2,active,branch,Ariana
237,retail,0.5708407853256682,31,4394.752607054894,2,active,branch,Tunis
238,retail,0.6131897143173446,29,10977.31602104971,2,active,branch,Sousse
239,retail,0.7166315492910965,36,759.4602604244074,2,active,branch,Sfax
240,retail,0.6613196630815041,34,1879.34,2,active,branch,Sfax
241,retail,0.7621373264168817,37,1252.95,4,active,branch,Sousse
242,retail,0.6226265160195396,66,1255.971584904907,2,active,branch,Sousse
243,retail,0.6354284496628525,21,2596.7606572058658,2,active,branch,Sousse
244,retail,0.8631595216052296,42,2952.856339958572,3,active,branch,Sfax
245,retail,0.5937097704620985,45,1300.54,7,active,branch,Ariana
246,retail,0.8531800907115943,45,5625.556387661342,5,active,branch,Ariana
247,retail,0.5919773281303277,61,3630.423674713382,2,active,branch,Ariana
248,retail,0.49498495899256334,57,2315.309278829751,1,active,branch,Tunis
249,retail,0.7453039593159627,26,11823.01900841596,2,active,branch,Sousse
250,retail,0.6625999880004514,53,1942.93,3,active,branch,Tunis
251,retail,0.46756943746295404,36,9144.880499703078,2,active,branch,Ariana
252,retail,0.6941203769392009,40,3404.4,3,active,branch,Tunis
253,retail,0.7685068960715505,64,10684.008181036725,2,active,branch,Tunis
254,retail,0.8431308505434187,75,3059.0522775341933,4,active,branch,Sousse
255,retail,0.6603771453170628,34,3024.987044501996,3,active,branch,Tunis
256,retail,0.7181225475712855,31,8384.769204598804,1,active,branch,Sousse
257,retail,0.6332034687647177,65,400.0,4,active,branch,Sousse
258,retail,0.8246146461331885,30,4172.1939752441,1,active,branch,Ariana
259,retail,0.6653107240399251,29,4440.627158471225,3,active,branch,Ariana
260,retail,0.716029674820522,47,1103.23,4,active,branch,Sfax
261,retail,0.6057809121525929,18,4366.092473776705,2,active,branch,Sousse
262,retail,0.7088529439645148,18,10005.996966197865,7,active,branch,Tunis
263,retail,0.8866682171008252,26,1332.647580581529,5,active,branch,Ariana
264,retail,0.6437584680167018,31,4187.747758353619,5,active,branch,Sfax
265,retail,0.7569456702086601,59,9162.170279599064,3,active,branch,Ariana
266,retail,0.6688255535353173,28,5467.632981770687,1,active,branch,Sfax
267,retail,0.7365409381481209,21,2488.684141175866,3,active,branch,Tunis
268,retail,0.5382651277539904,18,751.82,1,active,branch,Nabeul
269,retail,0.6657493931544709,71,6633.248217216877,6,active,branch,Tunis
270,retail,0.6304514100432598,20,1165.78,2,active,branch,Ariana
271,retail,0.6263929946582609,35,1164.0218767004772,1,active,branch,Ariana
272,retail,0.7252011698436122,41,2735.0484639129927,1,active,branch,Tunis
273,retail,0.821218739131611,60,9324.156069552151,6,active,branch,Sfax
274,retail,0.7701134670555821,58,7091.838321581548,5,active,branch,Sousse
275,retail,0.7210173560868292,32,3859.3233256901244,2,active,branch,Sousse
276,retail,0.6463569215425286,63,673.85,5,active,branch,Nabeul
277,retail,0.4870427125134013,23,1177.43,1,active,branch,Nabeul
278,retail,0.7946445685416483,60,9410.43766576899,7,active,branch,Ariana
279,retail,0.6949135931866565,26,4951.299123054164,2,active,branch,Sousse
280,retail,0.7064322125979081,34,4191.902997136333,3,active,branch,Ariana
281,retail,0.6592026873119412,32,9324.960968647092,2,active,branch,Tunis
282,retail,0.7297265038067371,54,2928.2241474990306,3,active,branch,Ariana
283,retail,0.7516603948510392,58,3196.219724521228,6,active,branch,Tunis
284,retail,0.6595573693332696,30,6420.935397071316,3,active,branch,Sousse
285,retail,0.7930127967536373,80,8745.072943660214,7,active,branch,Sousse
286,retail,0.701230172686949,18,905.44,2,active,branch,Sfax
287,retail,0.6828823027427355,19,9958.386755546224,4,active,branch,Sfax
288,retail,0.8445049729172415,71,400.0,4,active,branch,Ariana
289,retail,0.7534358097252883,28,4784.117242189866,7,active,branch,Sousse
290,retail,0.6326288110714228,31,400.0,2,active,branch,Monastir
291,retail,0.7505677699953432,75,5596.183365512838,3,active,branch,Tunis
292,retail,0.6911802627775496,68,1273.5909078012437,1,active,branch,Ariana
293,retail,0.6947844563764749,48,2163.326581639997,2,active,branch,Sousse
294,retail,0.8172435940050751,35,5804.691092219015,4,active,branch,Ariana
295,retail,0.5773162087974306,24,419.049199476819,3,active,branch,Sfax
296,retail,0.7157600977161594,25,775.41,3,active,branch,Sousse
297,retail,0.6473827757393481,23,3346.6825996504995,2,active,branch,Sousse
298,retail,0.5776255302602434,40,4100.768502528746,2,active,branch,Ariana
299,retail,0.6972961406205143,61,4818.453075942408,4,active,branch,Sousse
300,retail,0.6865923817922552,40,967.74,1,active,branch,Monastir
301,retail,0.5902025051401633,49,12138.20126166638,5,active,branch,Sousse
302,retail,0.7310005491601016,60,11831.600316019803,2,active,branch,Sousse
303,retail,0.4772719310057582,22,640.49,1,active,branch,Sousse
304,retail,0.7348691510064109,43,9708.304253294767,5,active,branch,Sousse
305,retail,0.5520346617100255,67,5338.3172817870045,1,active,branch,Sousse
306,retail,0.6041078043341255,20,2717.178707253209,1,active,branch,Tunis
307,retail,0.7058005631803091,23,4400.1883398317805,3,active,branch,Sousse
308,retail,0.6134491374634061,29,8680.54219247986,3,active,branch,Sousse
309,retail,0.7291757177816596,37,630.76,2,active,branch,Nabeul
310,retail,0.6675438131146001,64,3422.237415845273,3,active,branch,Sousse
311,retail,0.7148935741797509,49,10539.741000209484,3,active,branch,Ariana
312,retail,0.7490251937232965,46,4433.18,7,active,branch,Tunis
313,retail,0.7011455968701119,34,1805.4982261622065,4,active,branch,Sousse
314,retail,0.5830018606465346,31,400.0,1,active,branch,Sousse
315,retail,0.783060673133393,54,1526.89,7,active,branch,Tunis
316,retail,0.6204290068212753,48,2221.72,2,active,branch,Tunis
317,retail,0.7226983054586189,35,11880.87077179181,2,active,branch,Sousse
318,retail,0.7634176934690218,31,1347.5320569044873,2,active,branch,Tunis
319,retail,0.5864121316923407,59,10741.853905865924,3,active,branch,Tunis
320,retail,0.7411629941418787,57,5743.064949145042,5,active,branch,Sfax
321,retail,0.7144948383839652,30,5809.568853828451,3,active,branch,Tunis
322,retail,0.6561432320858009,68,9580.505517601345,4,active,branch,Ariana
323,retail,0.7168718605517563,40,6819.22634467107,2,active,branch,Ariana
324,retail,0.7370854851837155,29,7190.037202362899,3,active,branch,Sfax
325,retail,0.6717174505213906,33,400.0,5,active,branch,Ariana
326,retail,0.8202538593699735,18,10132.328690263748,1,active,branch,Sfax
327,retail,0.7122304914283278,67,4909.917998836105,3,active,branch,Sousse
328,retail,0.610408899949855,69,1325.18,1,active,branch,Monastir
329,retail,0.6332826209988599,52,12832.161252258878,6,active,branch,Tunis
330,retail,0.737734032617064,79,400.0,1,active,branch,Ariana
331,retail,0.6402018169315737,59,3432.1888428250404,5,active,branch,Sousse
332,retail,0.7224786658517992,38,2128.29,6,active,branch,Tunis
333,retail,0.7433001330450247,28,5662.88183015056,3,active,branch,Ariana
334,retail,0.5331931930224557,76,1158.1825541872176,2,active,branch,Ariana
335,retail,0.6709759568673661,75,5860.766668544873,5,active,branch,Tunis
336,retail,0.7824242898511045,31,400.0,4,active,branch,Sousse
337,retail,0.6886058400229368,36,11821.10191568016,7,active,branch,Sousse
338,retail,0.510234417330812,19,2820.689975652669,2,active,branch,Nabeul
339,retail,0.7815996913906217,46,1481.24,1,active,branch,Nabeul
340,retail,0.5740880903854959,55,871.74,1,active,branch,Nabeul
341,retail,0.6972255465520036,21,8843.617052081865,2,active,branch,Ariana
342,retail,0.6985597845882218,35,2083.13,2,active,branch,Nabeul
343,retail,0.7444704181798016,66,5776.895908950329,3,active,branch,Ariana
344,retail,0.5910919805668473,37,2925.527786442579,1,active,branch,Ariana
345,retail,0.7052929416434546,73,400.0,4,active,branch,Sousse
346,retail,0.6470897589160266,58,9146.360298841171,3,active,branch,Ariana
347,retail,0.655256891744984,39,9487.160430025591,3,active,branch,Ariana
348,retail,0.6184838814066288,22,400.0,1,active,branch,Ariana
349,retail,0.6238322635365077,33,13579.43961728029,4,active,branch,Tunis
350,retail,0.7584066150498943,75,5228.385452482521,3,active,branch,Ariana
351,retail,0.6293993253202121,47,4028.202911538063,3,active,branch,Ariana
352,retail,0.6401790617721602,41,805.14,1,active,branch,Sousse
353,retail,0.6155360718949057,64,3157.6938253985536,3,active,branch,Sousse
354,retail,0.8025018121295742,68,8889.721000552736,4,active,branch,Ariana
355,retail,0.6657233018484747,45,4638.197683502703,3,active,branch,Sousse
356,retail,0.732441855689187,80,4322.4377124142575,4,active,branch,Sousse
357,retail,0.6209453700058001,41,656.76,1,active,branch,Tunis
358,retail,0.7897227148341488,18,9697.581818304394,2,active,branch,Sousse
359,retail,0.8211836915915427,69,5364.885986468582,3,active,branch,Sousse
360,retail,0.7287751534012541,42,2470.161881226505,2,active,branch,Sousse
361,retail,0.7501560752294589,32,2936.488664215386,3,active,branch,Tunis
362,retail,0.7709339353743019,43,1872.02,7,active,branch,Ariana
363,retail,0.6386708437339641,55,10253.848047857506,3,active,branch,Ariana
364,retail,0.6470153473885044,28,1350.1668545106877,3,active,branch,Tunis
365,retail,0.6172936383959226,80,11454.853880834507,5,active,branch,Sousse
366,retail,0.6144366721508168,23,609.54,3,active,branch,Tunis
367,retail,0.70260196871493,60,8920.927854435875,2,active,branch,Sousse
368,retail,0.7412590251169766,48,9659.8445612128,2,active,branch,Sfax
369,retail,0.6624757499331954,33,11546.737383498075,2,active,branch,Ariana
370,retail,0.6838078439942945,37,901.09,6,active,branch,Ariana
371,retail,0.7169883128388673,66,400.0,3,active,branch,Tunis
372,retail,0.7352592144794013,71,5705.116789346193,1,active,branch,Sousse
373,retail,0.7100108463949713,35,4525.955664265957,4,active,branch,Sfax
374,retail,0.7041922314785595,33,4201.117575454429,2,active,branch,Ariana
375,retail,0.6989739715700467,24,9000.248782407378,3,active,branch,Ariana
376,retail,0.7292699627180306,23,8699.961448091848,3,active,branch,Ariana
377,retail,0.621385495014947,47,1016.04,4,active,branch,Nabeul
378,retail,0.7041838942357909,38,946.68,4,active,branch,Tunis
379,retail,0.6217671677164105,18,7474.602651964857,2,active,branch,Sousse
380,retail,0.6167480014966561,50,1117.74,4,active,branch,Nabeul
381,retail,0.6552724767246316,44,9265.046968241755,5,active,branch,Sfax
382,retail,0.6602228917878855,20,5069.969825920007,2,active,branch,Ariana
383,retail,0.6604271773122764,42,7921.823008454744,1,active,branch,Sousse
384,retail,0.7471854793160977,34,9615.263420409152,7,active,branch,Sfax
385,retail,0.6540090137170029,46,12527.045836264566,3,active,branch,Sfax
386,retail,0.6824354080170552,37,1982.1945311854324,1,active,branch,Ariana
387,retail,0.8412112630882917,58,1184.7605893018344,6,active,branch,Sousse
388,retail,0.6859227337453908,50,663.6,1,active,branch,Nabeul
389,retail,0.6333766915944645,51,400.0,5,active,branch,Tunis
390,retail,0.6267196361926458,32,807.87,1,active,branch,Sousse
391,retail,0.7431120213801187,29,10452.288543941975,5,active,branch,Sousse
392,retail,0.7046766265448553,18,3012.7597376017484,2,active,branch,Sousse
393,retail,0.6054354201269766,48,5789.2286565497925,3,active,branch,Ariana
394,retail,0.6720458026757328,60,2005.239560708933,3,active,branch,Ariana
395,retail,0.7583129562174261,53,4617.065847218973,3,active,branch,Sousse
396,retail,0.619767919919167,80,2638.0955964913373,2,active,branch,Sfax
397,retail,0.5498770946672235,27,4568.772424238782,2,active,branch,Sousse
398,retail,0.6052108477481478,55,400.0,4,active,branch,Sfax
399,retail,0.6733487690348504,24,5450.310788541168,3,active,branch,Ariana
400,retail,0.594048706569607,20,1054.26,1,active,branch,Ariana
401,retail,0.6614062377484763,43,3770.236874997781,3,active,branch,Ariana
402,retail,0.6572980939449136,51,8864.403860905966,2,active,branch,Sousse
403,retail,0.6641706816836138,26,11356.08643498893,3,active,branch,Tunis
404,retail,0.8048395049353928,55,9391.540211629364,3,active,branch,Sfax
405,retail,0.7581080602688938,30,1573.2128025942711,1,active,branch,Tunis
406,retail,0.7063194181073494,50,1615.19,1,active,branch,Nabeul
407,retail,0.8226264653914765,38,1114.39,2,active,branch,Nabeul
408,retail,0.771562720011892,28,3706.79093667063,1,active,branch,Tunis
409,retail,0.7273353918569114,18,11793.192870032848,1,active,branch,Sousse
410,retail,0.5138331788852887,80,1356.54852140385,1,active,branch,Ariana
411,retail,0.795252637991642,31,9181.619727944308,3,active,branch,Ariana
412,retail,0.632842644059554,53,3023.74,2,active,branch,Ariana
413,retail,0.6512109217983829,24,4756.086184216205,2,active,branch,Sfax
414,retail,0.6163260101462853,19,5169.4995437915,2,active,branch,Sousse
415,retail,0.6642628758333309,36,9413.274006651773,2,active,branch,Sfax
416,retail,0.7102190039050581,29,2785.984618244921,1,active,branch,Ariana
417,retail,0.7653284491035282,22,2175.1940036957203,6,active,branch,Ariana
418,retail,0.6188828150889322,51,2183.42,1,active,branch,Sfax
419,retail,0.7397136511842097,76,4830.881074133487,6,active,branch,Ariana
420,retail,0.6232194990467999,34,1170.99,2,active,branch,Sfax
421,retail,0.6292599462054759,59,660.83,1,active,branch,Nabeul
422,retail,0.6043972360026988,71,9753.711992857654,6,active,branch,Sousse
423,retail,0.64564866436235,49,3464.882515340255,4,active,branch,Sfax
424,retail,0.8271204936733968,29,7771.712504831742,4,active,branch,Tunis
425,retail,0.6913124875302444,21,2213.267627741743,3,active,branch,Ariana
426,retail,0.8175271571011569,36,11983.138088234513,5,active,branch,Sousse
427,retail,0.5959161438490949,22,400.0,2,active,branch,Ariana
428,retail,0.7225467440674251,79,400.0,1,active,branch,Tunis
429,retail,0.7751072140348462,30,2766.5814347983023,6,active,branch,Tunis
430,retail,0.7140558430450944,42,1594.4,1,active,branch,Sfax
431,retail,0.6686477643231717,66,556.7866072219585,4,active,branch,Ariana
432,retail,0.7902958095550571,24,400.0,4,active,branch,Sfax
433,retail,0.647645143432267,32,12643.817397654331,3,active,branch,Tunis
434,retail,0.7978618592521655,33,6307.24944041134,6,active,branch,Ariana
435,retail,0.7289060446167721,24,806.48,2,active,branch,Nabeul
436,retail,0.6683143490274809,37,853.85,1,active,branch,Monastir
437,retail,0.8139448085301182,29,10656.185399738462,4,active,branch,Sfax
438,retail,0.773796020464534,27,6068.898972781322,3,active,branch,Tunis
439,retail,0.6876457901466554,43,400.0,3,active,branch,Sousse
440,retail,0.6735892275763014,18,847.6,4,active,branch,Nabeul
441,retail,0.6368391697932669,57,3193.7303722838524,3,active,branch,Sousse
442,retail,0.6013579004238019,33,6329.706530082781,7,active,branch,Sousse
443,retail,0.5961306156892348,31,1565.8835911693411,4,active,branch,Ariana
444,retail,0.651401192038387,36,11745.988909679058,1,active,branch,Sfax
445,retail,0.6639341253516245,66,11814.472600059667,2,active,branch,Ariana
446,retail,0.6828900110282751,41,929.08,1,active,branch,Sfax
447,retail,0.6244074271706059,43,1537.15,4,active,branch,Monastir
448,retail,0.5851117266197888,26,676.4189089591,3,active,branch,Tunis
449,retail,0.6021245420622534,60,1441.94,1,active,branch,Tunis
450,retail,0.6691299431997751,65,11127.91364483217,3,active,branch,Tunis
451,retail,0.572682625098123,21,1807.2035900481,3,active,branch,Tunis
452,retail,0.8010516528411159,75,8586.921986039064,7,active,branch,Tunis
453,retail,0.6735268355605175,32,3167.04,1,active,branch,Tunis
454,retail,0.8439584756808647,36,10148.940909704645,6,active,branch,Ariana
455,retail,0.7665482844966435,77,400.0,3,active,branch,Sousse
456,retail,0.753944378750697,52,3990.672135466317,7,active,branch,Ariana
457,retail,0.6589506627928184,38,5993.313915542758,2,active,branch,Tunis
458,retail,0.6898770443360537,67,1304.7248010664453,1,active,branch,Ariana
459,retail,0.7098560422956958,66,6454.611127349624,5,active,branch,Sfax
460,retail,0.7224839932381125,72,4871.391400225883,3,active,branch,Ariana
461,retail,0.7092308950606296,27,6577.218809131538,3,active,branch,Sousse
462,retail,0.5943569759380802,18,12182.639725689642,4,active,branch,Tunis
463,retail,0.5444160075834571,21,8725.381792705155,1,active,branch,Sousse
464,retail,0.6599491603755506,32,12155.984904782585,4,active,branch,Sousse
465,retail,0.6918938919185617,60,2471.190948430507,3,active,branch,Sousse
466,retail,0.7617707242745699,50,2373.95,1,active,branch,Tunis
467,retail,0.7111347113227621,23,9568.095949025152,2,active,branch,Sousse
468,retail,0.6028359326545105,37,1243.45,4,active,branch,Tunis
469,retail,0.7560371791935552,28,8873.911375003468,3,active,branch,Tunis
470,retail,0.6470255744118326,28,11359.219019866234,6,active,branch,Tunis
471,retail,0.682527540098824,39,1951.32,1,active,branch,Tunis
472,retail,0.7395861841221314,30,3382.6175690133086,7,active,branch,Sousse
473,retail,0.6309723425019864,52,400.0,1,active,branch,Ariana
474,retail,0.7997753111804884,65,400.0,4,active,branch,Sfax
475,retail,0.7641825846247141,27,1446.09,5,active,branch,Tunis
476,retail,0.7613313776737523,44,9863.53148871101,6,active,branch,Tunis
477,retail,0.6378339440038587,34,1554.79,2,active,branch,Ariana
478,retail,0.9060297815566922,46,10598.669486118988,4,active,branch,Sousse
479,retail,0.6913516163433427,56,2357.4,3,active,branch,Sousse
480,retail,0.748770923940074,46,400.0,2,active,branch,Sousse
481,retail,0.7495969918188938,39,10733.767403878825,2,active,branch,Sousse
482,retail,0.6527247441096662,49,1771.006652158535,3,active,branch,Ariana
483,retail,0.7637688866408802,54,808.27,3,active,branch,Tunis
484,retail,0.586157299051922,46,8628.708373654552,7,active,branch,Sousse
485,retail,0.6003273907596567,54,11097.369965454747,4,active,branch,Ariana
486,retail,0.7293908020685825,45,1651.59,6,active,branch,Ariana
487,retail,0.577893490843194,60,1126.72,2,active,branch,Nabeul
488,retail,0.7849268370694009,32,3537.453688424912,4,active,branch,Ariana
489,retail,0.681101211809737,46,1179.67,2,active,branch,Nabeul
490,retail,0.6093100179324535,38,12967.322766238198,3,active,branch,Sousse
491,retail,0.7451194145023293,50,11654.887754015404,4,active,branch,Sousse
492,retail,0.6572540042533234,69,11160.743446929891,4,active,branch,Sousse
493,retail,0.7626347393504949,27,1494.5162089975856,3,active,branch,Tunis
494,retail,0.6780463726174697,38,400.0,2,active,branch,Tunis
495,retail,0.6890622995511843,63,6139.150267755351,2,active,branch,Tunis
496,retail,0.6948692723860109,41,2963.13,1,active,branch,Tunis
497,retail,0.5558969391044084,45,1620.94,1,active,branch,Sfax
498,retail,0.43844773185229996,56,5060.255145885228,1,active,branch,Ariana
499,retail,0.7185811289016258,36,842.49,3,active,branch,Sfax
500,retail,0.8066504082442486,36,3835.329792512426,3,active,branch,Sfax
501,retail,0.6665486759357497,40,3167.676884127817,2,active,branch,Ariana
502,retail,0.6720847094225857,24,8470.77866959555,2,active,branch,Sousse
503,retail,0.6141183592578193,25,4335.034418122097,3,active,branch,Tunis
504,retail,0.6536523454518188,64,3420.2349885728054,3,active,branch,Ariana
505,retail,0.7597052011839927,35,10176.476149619732,2,active,branch,Tunis
506,retail,0.6890368533370237,29,13833.300259507456,4,active,branch,Sfax
507,retail,0.7865604262543984,27,400.0,2,active,branch,Tunis
508,retail,0.7156471126556742,32,12352.23732570156,3,active,branch,Ariana
509,retail,0.6966380918267574,29,3757.3694226206217,1,active,branch,Tunis
510,retail,0.7619400206455353,47,1214.8,3,active,branch,Tunis
511,retail,0.6952186875639942,66,13109.458358943339,2,active,branch,Sfax
512,retail,0.7960913912869038,37,8447.749825333016,4,active,branch,Tunis
513,retail,0.6025335019024348,45,9670.053612347683,4,active,branch,Ariana
514,retail,0.6279748069017911,64,1320.63,3,active,branch,Sfax
515,retail,0.7210373838110135,34,5794.732964713421,3,active,branch,Sousse
516,retail,0.7304636080711808,36,1176.49,2,active,branch,Tunis
517,retail,0.6548702381841358,57,3035.0093973300127,4,active,branch,Sousse
518,retail,0.4488439997894938,70,400.0,1,active,branch,Sousse
519,retail,0.6796855757093904,33,784.7481272212071,1,active,branch,Tunis
520,retail,0.758059178934173,26,4897.838489862286,7,active,branch,Sfax
521,retail,0.6686399990364231,34,1164.4,1,active,branch,Monastir
522,retail,0.6936389377531017,36,2599.532940837549,3,active,branch,Ariana
523,retail,0.723188231838265,45,1377.4,3,active,branch,Sousse
524,retail,0.7054473935550732,21,12134.866918289212,3,active,branch,Sousse
525,retail,0.6193514664858489,42,1455.41,1,active,branch,Monastir
526,retail,0.6827888859676852,65,1430.02,1,active,branch,Sousse
527,retail,0.6175681950401068,32,5878.728235868703,2,active,branch,Sousse
528,retail,0.6745765912571194,77,8652.070445020941,2,active,branch,Sousse
529,retail,0.7206156199132332,52,5202.137762613855,6,active,branch,Ariana
530,retail,0.7271903827674959,35,11370.169036196046,3,active,branch,Sfax
531,retail,0.6021258140650511,19,1643.0073042926206,2,active,branch,Tunis
532,retail,0.5504745672064653,28,9826.583220193072,3,active,branch,Ariana
533,retail,0.7316710459417277,23,3471.229298170888,1,active,branch,Sousse
534,retail,0.7365495314710516,25,9220.722514386418,3,active,branch,Ariana
535,retail,0.6962768971581655,38,5930.17157878029,4,active,branch,Sousse
536,retail,0.8012587381284554,57,4101.55291690575,4,active,branch,Tunis
537,retail,0.7624829991323939,21,3297.899612808484,3,active,branch,Ariana
538,retail,0.731273717268478,43,3402.6198341963163,2,active,branch,Tunis
539,retail,0.6775351397078019,20,4681.765288414983,4,active,branch,Sfax
540,retail,0.692811905700442,48,1346.2,1,active,branch,Monastir
541,retail,0.5966626443779992,56,1493.0957046233289,1,active,branch,Ariana
542,retail,0.7411856426322444,19,5335.810711037066,2,active,branch,Tunis
543,retail,0.6362088680454397,51,3889.56,2,active,branch,Tunis
544,retail,0.7420189247438033,48,1040.11,2,active,branch,Nabeul
545,retail,0.6780797201636709,35,7322.970233809506,4,active,branch,Ariana
546,retail,0.7211813497370024,18,2719.781527724373,5,active,branch,Sousse
547,retail,0.6554977498907151,79,767.63,5,active,branch,Ariana
548,retail,0.6468937842468159,57,5983.972724324997,2,active,branch,Ariana
549,retail,0.6417335517689975,52,1142.7626548256758,3,active,branch,Sousse
550,retail,0.7248257925758809,21,2656.117228924276,1,active,branch,Sfax
551,retail,0.8111213718840047,27,2546.3330534764427,1,active,branch,Tunis
552,retail,0.6677969599790796,29,3262.8086380973373,2,active,branch,Ariana
553,retail,0.6071235059038493,39,13565.70378849482,2,active,branch,Sfax
554,retail,0.7400786080916317,68,400.0,3,active,branch,Sousse
555,retail,0.869254069681318,37,1186.9,3,active,branch,Ariana
556,retail,0.548042648494083,62,1237.1996859778,1,active,branch,Sousse
557,retail,0.7650028588246356,71,5950.556936217979,4,active,branch,Sfax
558,retail,0.581517100671633,43,990.35,3,active,branch,Sfax
559,retail,0.5805994434549888,30,5575.552931026329,1,active,branch,Sousse
560,retail,0.7722306114229921,19,3736.4719306344286,7,active,branch,Sfax
561,retail,0.7995404705689312,38,10034.264823905156,2,active,branch,Ariana
562,retail,0.6372053190218178,32,1467.41,1,active,branch,Nabeul
563,retail,0.6953661058864751,39,4972.693158575841,3,active,branch,Ariana
564,retail,0.675662988881112,28,6468.860734302693,3,active,branch,Ariana
565,retail,0.6338881555977469,51,9384.246357692347,4,active,branch,Sfax
566,retail,0.7487194302118569,43,400.0,2,active,branch,Tunis
567,retail,0.699654917263679,50,1716.86,2,active,branch,Tunis
568,retail,0.7645237565387016,41,2771.19,5,active,branch,Ariana
569,retail,0.747133606701256,34,3385.1509213676563,2,active,branch,Ariana
570,retail,0.6404862989916886,61,661.15,3,active,branch,Monastir
571,retail,0.7413636751612152,33,1976.34,2,active,branch,Tunis
572,retail,0.7127473891702911,25,400.0,1,active,branch,Tunis
573,retail,0.6155027543660215,37,3115.5468495435607,4,active,branch,Sousse
574,retail,0.7303218147651538,43,10906.260087400136,4,active,branch,Sousse
575,retail,0.7717595703979834,58,1354.23,4,active,branch,Sfax
576,retail,0.6799000873403475,27,2141.3384046462006,1,active,branch,Sousse
577,retail,0.7571502130477246,29,7564.933203850412,3,active,branch,Sfax
578,retail,0.7328443245934022,70,13010.144775704584,3,active,branch,Sousse
579,retail,0.779592381656939,57,12765.80862909542,7,active,branch,Sousse
580,retail,0.4937799388753094,51,8560.888035383972,3,active,branch,Ariana
581,retail,0.6102489047752985,30,4436.3515011705695,1,active,branch,Ariana
582,retail,0.7229616112753088,36,1136.01,6,active,branch,Monastir
583,retail,0.6794774294997344,45,3645.42,7,active,branch,Ariana
584,retail,0.6373431994539711,41,10502.052755609571,6,active,branch,Ariana
585,retail,0.6574805731223848,19,400.0,2,active,branch,Sousse
586,retail,0.5115962881021541,21,2626.271396216206,4,active,branch,Sfax
587,retail,0.45997607261655044,30,1415.39,1,active,branch,Sousse
588,retail,0.7228282904470555,45,972.56,5,active,branch,Nabeul
589,retail,0.6888499748903374,55,1700.4552766699462,4,active,branch,Tunis
590,retail,0.7087646100162067,50,1883.15,3,active,branch,Ariana
591,retail,0.7952057976906802,67,1549.82,3,active,branch,Ariana
592,retail,0.7582882580291298,33,10520.554846643156,5,active,branch,Ariana
593,retail,0.9182667554044573,68,4066.9419811464727,7,active,branch,Tunis
594,retail,0.6625565347540433,21,3301.0363698343936,2,active,branch,Sousse
595,retail,0.6820857894304815,50,1259.81,7,active,branch,Ariana
596,retail,0.6965532015056083,32,2778.18,4,active,branch,Tunis
597,retail,0.6425894244396859,22,11752.157729093717,1,active,branch,Sfax
598,retail,0.7542881434999412,31,7646.921565569994,2,active,branch,Sfax
599,retail,0.6526562674946574,38,10602.799496819567,2,active,branch,Sfax
600,retail,0.6731342043231404,55,13698.24846664721,3,active,branch,Ariana
601,corporate,0.6932890506155194,40,275344.3960341494,4,active,branch,Sfax
602,corporate,0.7691189417410672,40,396263.9553004844,3,active,branch,Sfax
603,corporate,0.7404647619540405,40,330411.8029418713,4,active,branch,Sousse
604,corporate,0.7209448107020033,40,664394.2922892225,1,active,branch,Sfax
605,corporate,0.7014591905532801,40,887999.6725015711,4,active,branch,Tunis
606,corporate,0.6251930093473602,40,207833.73892025006,2,active,branch,Tunis
607,corporate,0.660426474950397,40,189295.21739797914,1,active,branch,Sousse
608,corporate,0.6888585241712434,40,486497.46098669805,5,active,branch,Tunis
609,corporate,0.6936208792670004,40,369868.1296314541,7,active,branch,Sfax
610,corporate,0.7453831644722783,40,853545.6504738253,1,active,branch,Sousse
611,corporate,0.7829456094833197,40,483085.06772455963,7,active,branch,Sfax
612,corporate,0.7544314234421844,40,669407.5623205672,2,active,branch,Sousse
613,corporate,0.6074819757118863,40,616300.8392186797,2,active,branch,Sfax
614,corporate,0.6729981672321184,40,108584.88802547254,3,active,branch,Sfax
615,corporate,0.71931719130338,40,28031.24238494776,3,active,branch,Tunis
616,corporate,0.7110043271799844,40,16796.10036109846,2,active,branch,Sousse
617,corporate,0.6516710249529809,40,21649.913036426453,2,active,branch,Tunis
618,corporate,0.6945145332810361,40,656775.6468651312,3,active,branch,Tunis
619,corporate,0.7586085583894335,40,833.3333333333334,4,active,branch,Sfax
620,corporate,0.6914146321510057,40,632611.0556601972,6,active,branch,Tunis
621,corporate,0.7486467892632134,40,368895.75424200884,4,active,branch,Sousse
622,corporate,0.7735047623386218,40,480073.86341261707,4,active,branch,Sousse
623,corporate,0.6978296528118983,40,27496.34507538681,5,active,branch,Sousse
624,corporate,0.6721895773535773,40,203295.21688602798,4,active,branch,Sfax
625,corporate,0.6381624940825225,40,587996.4045881353,1,active,branch,Sfax
626,corporate,0.7862683425985405,40,247898.56002938832,4,active,branch,Sfax
627,corporate,0.6528025129097057,40,273264.0601879728,3,active,branch,Sousse
628,corporate,0.892048915560055,40,178716.678188908,7,active,branch,Tunis
629,corporate,0.6075611339849218,40,611478.6157482661,4,active,branch,Sfax
630,corporate,0.7466481856079732,40,428782.1067146372,5,active,branch,Sousse
631,corporate,0.6981530322052939,40,457245.10364091815,2,active,branch,Sousse
632,corporate,0.675978540091185,40,238675.69594331903,4,active,branch,Sfax
633,corporate,0.7425488729281282,40,785398.4563775118,3,active,branch,Sfax
634,corporate,0.8245568898421399,40,833.3333333333334,2,active,branch,Tunis
635,corporate,0.6349373248058894,40,833.3333333333334,3,active,branch,Sousse
636,corporate,0.708195179969481,40,552806.3221057154,2,active,branch,Sfax
637,corporate,0.6607630159635622,40,111333.20266988169,3,active,branch,Sousse
638,corporate,0.574647612867228,40,172867.71243141856,3,active,branch,Sfax
639,corporate,0.8009925529679452,40,665242.6150664455,5,active,branch,Sfax
640,corporate,0.7350774781462107,40,202406.41588799274,3,active,branch,Sousse
641,corporate,0.7272447119384838,40,337794.3700226585,1,active,branch,Tunis
642,corporate,0.7944036713155681,40,139716.23640691763,3,active,branch,Sousse
643,corporate,0.7641955515832549,40,666657.499487314,2,active,branch,Sousse
644,corporate,0.6756083027584121,40,230670.74241816343,6,active,branch,Sfax
645,corporate,0.651859611858665,40,206063.26278692728,1,active,branch,Tunis
646,corporate,0.7730740392860838,40,352140.87428683735,5,active,branch,Tunis
647,corporate,0.7277347501481406,40,538555.6697176445,3,active,branch,Sfax
648,corporate,0.8095504271674664,40,553317.7901306361,6,active,branch,Tunis
649,corporate,0.6497493333375157,40,833.3333333333334,1,active,branch,Sousse
650,corporate,0.5897249391609612,40,235950.25464970004,3,active,branch,Sfax
651,corporate,0.7457584584912471,40,940399.0654563665,3,active,branch,Tunis
652,corporate,0.6316198940539417,40,26860.945490270853,2,active,branch,Tunis
653,corporate,0.7054223748859509,40,547464.1565525869,2,active,branch,Sfax
654,corporate,0.6559400882168187,40,792352.1474505686,4,active,branch,Tunis
655,corporate,0.5316339651228937,40,783568.340649746,6,active,branch,Tunis
656,corporate,0.644613573665716,40,698644.2787174472,2,active,branch,Tunis
657,corporate,0.6544958146694976,40,380995.6913477252,1,active,branch,Sousse
658,corporate,0.743123378368128,40,613744.4630587219,3,active,branch,Sousse
659,corporate,0.626217991136418,40,833.3333333333334,1,active,branch,Tunis
660,corporate,0.6837202287001867,40,708541.3801137242,3,active,branch,Sfax
661,corporate,0.7266824278790647,40,421731.9427705637,5,active,branch,Tunis
662,corporate,0.7183663499039956,40,681125.1983423579,3,active,branch,Sfax
663,corporate,0.4855460017227841,40,833.3333333333334,2,active,branch,Sfax
664,corporate,0.7568429016259878,40,604659.5546849001,4,active,branch,Sfax
665,corporate,0.8001434169292503,40,616792.9426981395,4,active,branch,Tunis
666,corporate,0.7827145998751112,40,253111.84125446653,2,active,branch,Sousse
667,corporate,0.6407167737865116,40,547188.4610523771,4,active,branch,Tunis
668,corporate,0.7131755305453957,40,37673.727443600925,3,active,branch,Sousse
669,corporate,0.7157456240633541,40,544004.2631585217,3,active,branch,Sfax
670,corporate,0.6572334150942837,40,251177.9956570318,4,active,branch,Sfax
671,corporate,0.8034497969783894,40,589501.1222636822,5,active,branch,Tunis
672,corporate,0.577684725382539,40,516297.637372254,2,active,branch,Sousse
673,corporate,0.678001850440236,40,788066.2854906112,3,active,branch,Sousse
674,corporate,0.7431524955003446,40,586691.5652756,5,active,branch,Tunis
675,corporate,0.7716557412221887,40,567413.433382216,5,active,branch,Tunis
676,corporate,0.7501976094752912,40,343033.6340684678,2,active,branch,Sousse
677,corporate,0.7994251228554317,40,674013.0311179004,3,active,branch,Sousse
678,corporate,0.5967285428160453,40,366022.1396611599,3,active,branch,Sousse
679,corporate,0.6938632727348443,40,468684.2395254864,3,active,branch,Sfax
680,corporate,0.7843531796640412,40,447740.1891415531,5,active,branch,Sousse
681,corporate,0.7000327064297318,40,80213.22113828838,4,active,branch,Sousse
682,corporate,0.7883673413234955,40,579092.371861041,3,active,branch,Sousse
683,corporate,0.7326008074103889,40,157724.61378266788,2,active,branch,Tunis
684,corporate,0.7124258516680895,40,41003.86769693888,1,active,branch,Sousse
685,corporate,0.8047533000009617,40,453953.9691541819,3,active,branch,Sousse
686,corporate,0.6748168005302309,40,676594.962130107,2,active,branch,Sfax
687,corporate,0.7929856683080492,40,165646.56605869706,3,active,branch,Sousse
688,corporate,0.663443568895972,40,394413.96333358664,4,active,branch,Sfax
689,corporate,0.6470099351551544,40,575089.3687087606,2,active,branch,Sousse
690,corporate,0.6810360412339866,40,592348.6189794391,1,active,branch,Sousse
691,corporate,0.6940413568461486,40,382069.925075582,5,active,branch,Tunis
692,corporate,0.6545710842664493,40,192931.57368307188,3,active,branch,Tunis
693,corporate,0.7347290466682903,40,833.3333333333334,2,active,branch,Sfax
694,corporate,0.7679400590747585,40,803126.5490577985,7,active,branch,Tunis
695,corporate,0.739442924585414,40,708503.83178777,5,active,branch,Sfax
696,corporate,0.5533146839390817,40,267376.69494474336,3,active,branch,Sfax
697,corporate,0.7675721031566322,40,150750.35597584207,3,active,branch,Sfax
698,corporate,0.630831219375992,40,613130.3836050015,5,active,branch,Sfax
699,corporate,0.6530739424513998,40,833.3333333333334,1,active,branch,Sfax
700,corporate,0.7454460329775577,40,35400.72056292704,4,active,branch,Sfax
701,corporate,0.8082954562049224,40,602818.690989356,4,active,branch,Tunis
702,corporate,0.5992181338896283,40,515244.7464437568,4,active,branch,Sfax
703,corporate,0.5977282905371202,40,483238.94326579216,3,active,branch,Tunis
704,corporate,0.6887592771269605,40,151299.90793070497,1,active,branch,Sfax
705,corporate,0.7766017614743828,40,549323.9313470451,6,active,branch,Sousse
706,corporate,0.575091393366378,40,146285.64272988783,4,active,branch,Tunis
707,corporate,0.45840747411047755,40,132007.83424517603,3,active,branch,Sfax
708,corporate,0.7560744445795762,40,812400.6269657799,4,active,branch,Sfax
709,corporate,0.6823962047410359,40,10742.965684056746,2,active,branch,Sousse
710,corporate,0.6437860178190807,40,825256.358607334,5,active,branch,Tunis
711,corporate,0.7929041862497507,40,354409.0625638088,7,active,branch,Sfax
712,corporate,0.7038284371776241,40,545550.0661972469,7,active,branch,Sousse
713,corporate,0.8445681034000915,40,126109.22336841251,4,active,branch,Sfax
714,corporate,0.8293837040921339,40,399009.86151352496,1,active,branch,Sfax
715,corporate,0.6403016073142501,40,382402.1660981057,3,active,branch,Sfax
716,corporate,0.6139886632412843,40,526948.7317333567,2,active,branch,Sfax
717,corporate,0.6107669917430424,40,677127.5086324294,5,active,branch,Sousse
718,corporate,0.8392334083104095,40,108415.79807978908,1,active,branch,Sfax
719,corporate,0.6706807574012864,40,565544.9262357353,3,active,branch,Tunis
720,corporate,0.6719722735144849,40,787265.1845656653,1,active,branch,Tunis
721,corporate,0.7063515643652778,40,108630.68416067174,5,active,branch,Sfax
722,corporate,0.706400208324837,40,549928.3999193384,3,active,branch,Tunis
723,corporate,0.7301040673384979,40,625784.8478447561,1,active,branch,Sfax
724,corporate,0.7271857548049003,40,66425.6748875541,3,active,branch,Sousse
725,corporate,0.6589823664405264,40,309905.71203580877,3,active,branch,Sfax
726,corporate,0.7184306020664558,40,580979.2160341898,3,active,branch,Tunis
727,corporate,0.7688059629416134,40,442863.3499423527,5,active,branch,Tunis
728,corporate,0.7099595824325086,40,253077.12467093975,3,active,branch,Sfax
729,corporate,0.7830607218093852,40,148213.76138922558,2,active,branch,Sfax
730,corporate,0.666915480380377,40,846381.8007294369,4,active,branch,Sousse
731,corporate,0.6749188957493566,40,753678.1146456748,2,active,branch,Sfax
732,corporate,0.6532693437719431,40,487621.02445095853,4,active,branch,Sfax
733,corporate,0.6904164997206079,40,953538.6879816424,5,active,branch,Sfax
734,corporate,0.7769959713684209,40,245564.30554119174,1,active,branch,Sousse
735,corporate,0.6189948691762545,40,247478.4605260795,4,active,branch,Sousse
736,corporate,0.7504351653230498,40,833.3333333333334,1,active,branch,Tunis
737,corporate,0.6497055624013593,40,361778.76636885176,3,active,branch,Sousse
738,corporate,0.7375024896099016,40,719244.9445693343,2,active,branch,Sfax
739,corporate,0.6736042855844174,40,369831.938775074,7,active,branch,Sfax
740,corporate,0.6200028527752001,40,767249.7489767186,2,active,branch,Sousse
741,corporate,0.3879824855343924,40,710441.6410840298,2,active,branch,Sousse
742,corporate,0.7899993355271047,40,471852.1794538041,4,active,branch,Tunis
743,corporate,0.821250299996238,40,302396.2634629531,1,active,branch,Tunis
744,corporate,0.6907801150009346,40,253626.7517023728,3,active,branch,Tunis
745,corporate,0.7903307976466476,40,749593.7179450548,2,active,branch,Sfax
746,corporate,0.6932526696711756,40,308965.9001875639,2,active,branch,Sfax
747,corporate,0.8840058821259489,40,271477.69398884027,4,active,branch,Tunis
748,corporate,0.6922262468962509,40,748811.8328766478,2,active,branch,Sfax
749,corporate,0.7894081056591447,40,361379.73781768745,3,active,branch,Sousse
750,corporate,0.6606976766458942,40,4894.412473238462,2,active,branch,Sousse
751,corporate,0.7498141032918046,40,216750.88499391067,4,active,branch,Sousse
752,corporate,0.8276183268121249,40,618288.4771928148,3,active,branch,Sfax
753,corporate,0.7839257907500135,40,587267.0176421272,3,active,branch,Tunis
754,corporate,0.6794312742277897,40,134079.61198654774,1,active,branch,Tunis
755,corporate,0.7542451156215554,40,445799.1095863971,7,active,branch,Sfax
756,corporate,0.6867091771866872,40,643331.1848650613,3,active,branch,Sousse
757,corporate,0.7936055625962362,40,543100.4471956681,5,active,branch,Sfax
758,corporate,0.7510913446433879,40,734184.4729707162,2,active,branch,Sousse
759,corporate,0.6980032878490416,40,480667.4908132307,2,active,branch,Sousse
760,corporate,0.7418302726359537,40,563582.2849466238,1,active,branch,Tunis
761,corporate,0.6121301633685247,40,474895.4393480019,2,active,branch,Sfax
762,corporate,0.7410246524264493,40,225913.39840522475,4,active,branch,Sfax
763,corporate,0.7142907260100836,40,449827.7466177779,4,active,branch,Tunis
764,corporate,0.650759693512389,40,399704.35574398655,7,active,branch,Tunis
765,corporate,0.7169640898130483,40,878749.5772420326,2,active,branch,Sousse
766,corporate,0.5180228607249262,40,688673.25151423,3,active,branch,Sousse
767,corporate,0.7582573268589087,40,523892.5936193758,2,active,branch,Sfax
768,corporate,0.641136794381329,40,179356.14767282366,3,active,branch,Sfax
769,corporate,0.616652863720486,40,230945.09783895768,3,active,branch,Sousse
770,corporate,0.5164269273540867,40,494641.3811525099,4,active,branch,Sfax
771,corporate,0.7128098334415853,40,60941.06464334306,4,active,branch,Sousse
772,corporate,0.7328444052496731,40,270941.0656230683,3,active,branch,Tunis
773,corporate,0.7671582240329177,40,102195.19081669557,2,active,branch,Sousse
774,corporate,0.6440599705318022,40,542640.5785998104,3,active,branch,Sousse
775,corporate,0.8787491346792901,40,833.3333333333334,4,active,branch,Sfax
776,corporate,0.732184656701189,40,708708.6289115101,4,active,branch,Sfax
777,corporate,0.6578294065703999,40,461048.9584349697,1,active,branch,Sousse
778,corporate,0.716488929870976,40,491080.4421221121,3,active,branch,Sousse
779,corporate,0.6883281219098294,40,414228.9598348066,3,active,branch,Sfax
780,corporate,0.6128941880861827,40,546752.2514878974,3,active,branch,Sfax
781,corporate,0.80125722236531,40,908792.8386155219,2,active,branch,Sfax
782,corporate,0.6418017808249887,40,167380.94221901314,4,active,branch,Sousse
783,corporate,0.7585010346037989,40,466453.6996052269,2,active,branch,Tunis
784,corporate,0.7018481622177194,40,833.3333333333334,1,active,branch,Sfax
785,corporate,0.8084767671675055,40,357231.84206242533,7,active,branch,Sousse
786,corporate,0.6680512957594391,40,815897.9653342933,5,active,branch,Sfax
787,corporate,0.7383233144315517,40,335338.7305787863,2,active,branch,Sousse
788,corporate,0.7164767501848561,40,825659.3055853696,3,active,branch,Sfax
789,corporate,0.6756501492578109,40,412491.7003566255,3,active,branch,Sfax
790,corporate,0.741165611909332,40,166414.78741183,3,active,branch,Sfax
791,corporate,0.7397690746357952,40,321266.8856903471,5,active,branch,Sousse
792,corporate,0.7403847861260703,40,700639.6309825554,4,active,branch,Sfax
793,corporate,0.691287591788773,40,775720.2069944915,1,active,branch,Sousse
794,corporate,0.680308275766978,40,765560.960953347,1,active,branch,Tunis
795,corporate,0.5789322730003094,40,480221.79833675735,2,active,branch,Sfax
796,corporate,0.775031831562487,40,833.3333333333334,2,active,branch,Sousse
797,corporate,0.6386337224843059,40,31954.266003144134,1,active,branch,Sousse
798,corporate,0.7429271840934512,40,460908.11504041124,4,active,branch,Sfax
799,corporate,0.7038595088972768,40,474255.3908426698,2,active,branch,Sfax
800,corporate,0.7124234165182055,40,169843.58176030542,3,active,branch,Sousse
